postId,inputURL,inputVideoBitrate,codecName
3297052724,https://cdn4.sharechat.com/2c59318a_1697547083234.3gp,2246275,h264
3295594343,https://cdn4.sharechat.com/14ac437d_1697430979291.3gp,2252690,h264
3294933378,https://cdn4.sharechat.com/2d5fc11b_1697369483452.3gp,2282022,h264
3292601747,https://cdn4.sharechat.com/317602b8_1697183178596.3gp,1716339,h264
3295176757,https://cdn4.sharechat.com/22f7c136_1697384268969.3gp,4604072,h264
3296604737,https://cdn4.sharechat.com/6eda78f_1697517584759.3gp,2335453,h264
3296744266,https://cdn4.sharechat.com/b7f4971_1697526402371.3gp,2406054,h264
3293239606,https://cdn4.sharechat.com/3161516d_1697242896614.3gp,1041620,h264
3294938335,https://cdn4.sharechat.com/a1b2538_1697369797720.3gp,2333086,h264
3297683896,https://cdn4.sharechat.com/ac9ce7d_1697608108360.3gp,2573947,h264
3298259883,https://cdn4.sharechat.com/2d292a7b_1697645789426.3gp,8854288,h264
3292440980,https://cdn4.sharechat.com/3335d13_1697172856048.3gp,2387526,h264
3298014204,https://cdn4.sharechat.com/dde6965_1697629734416.3gp,2230497,h264
3294415269,https://cdn4.sharechat.com/2b8d1bed_1697340777843.3gp,2250280,h264
3296295475,https://cdn4.sharechat.com/2ab37f00_1697476844083.3gp,2483941,h264
3295833199,https://cdn4.sharechat.com/162804c4_1697446066924.3gp,2425265,h264
3295291427,https://cdn4.sharechat.com/32770316_1697392153007.3gp,2366704,h264
3295275265,https://cdn4.sharechat.com/1290b6a4_1697390801437.3gp,2302524,h264
3296601895,https://cdn4.sharechat.com/1bb8e0b1_1697517399276.3gp,2303380,h264
3296160943,https://cdn4.sharechat.com/37865f5_1697468075696.3gp,1456541,h264
3294921123,https://cdn4.sharechat.com/28516121_1697368705861.3gp,2279731,h264
3296650327,https://cdn4.sharechat.com/25308a9_1697520526633.3gp,2385044,h264
3297812740,https://cdn4.sharechat.com/a3e2d2_1697616107095.3gp,2273285,h264
3293807436,https://cdn4.sharechat.com/16a3b529_1697281364499.3gp,2171969,h264
3295279670,https://cdn4.sharechat.com/23d0ac6e_1697391139951.3gp,2327836,h264
3296296683,https://cdn4.sharechat.com/52b35f7_1697476935281.3gp,2483941,h264
3296579313,https://cdn4.sharechat.com/1cfb0eea_1697515922220.3gp,9019812,h264
3296895056,https://cdn4.sharechat.com/33ee1fcd_1697536288217.3gp,2288140,h264
3292421572,https://cdn4.sharechat.com/257f61b1_1697171569371.3gp,1752880,h264
3295276758,https://cdn4.sharechat.com/2b2cb9bc_1697390919263.3gp,2267801,h264
3294041116,https://cdn4.sharechat.com/1d920eb_1697297078047.3gp,5033189,h264
3296220482,https://cdn4.sharechat.com/251d5d11_1697471706389.3gp,1138148,h264
3293942828,https://cdn4.sharechat.com/afa987e_1697290701886.3gp,2426141,h264
3298280220,https://cdn4.sharechat.com/127e3b9_1697647121361.3gp,1005088,h264
3295102895,https://cdn4.sharechat.com/18501365_1697379841955.3gp,2210875,h264
3297370975,https://cdn4.sharechat.com/16d61ad7_1697572744628.3gp,2305874,h264
3296399414,https://cdn4.sharechat.com/1c4fa2f9_1697502466232.3gp,2237372,h264
3294417361,https://cdn4.sharechat.com/147ce430_1697340890421.3gp,2408819,h264
3293634488,https://cdn4.sharechat.com/b2e008b_1697269530204.3gp,2333013,h264
3296495041,https://cdn4.sharechat.com/321d5d68_1697510413820.3gp,2278533,h264
3295273455,https://cdn4.sharechat.com/2135855b_1697390659351.3gp,2309862,h264
3292938539,https://cdn4.sharechat.com/3754978c_1697205542246.3gp,1130972,h264
3296856952,https://cdn4.sharechat.com/105d0ef5_1697533706145.3gp,2359514,h264
3298229210,https://cdn4.sharechat.com/24f65768_1697643793418.3gp,2244793,h264
3298221113,https://cdn4.sharechat.com/300e41ad_1697643285727.3gp,2364239,h264
3292496963,https://cdn4.sharechat.com/2e4dabda_1697176450755.3gp,2234209,h264
3293676094,https://cdn4.sharechat.com/2e84e97f_1697272142956.3gp,3964765,h264
3293632942,https://cdn4.sharechat.com/2471c3ca_1697269434492.3gp,2259523,h264
3296340983,https://cdn4.sharechat.com/2cc2cfe7_1697481466022.3gp,2462098,h264
3293933445,https://cdn4.sharechat.com/38b96fe8_1697290074526.3gp,2094141,h264
3295102682,https://cdn4.sharechat.com/37508312_1697379828795.3gp,2210875,h264
3294349657,https://cdn4.sharechat.com/6e2fcb6_1697336688869.3gp,2278533,h264
3293107611,https://cdn4.sharechat.com/ca57d0c_1697216171508.3gp,1579165,h264
3294639641,https://cdn4.sharechat.com/3932a3a7_1697352480392.3gp,2317494,h264
3298010975,https://cdn4.sharechat.com/3468610c_1697629558287.3gp,2254987,h264
3296353315,https://cdn4.sharechat.com/fff9650_1697483536547.3gp,2272772,h264
3296634391,https://cdn4.sharechat.com/84f89fd_1697519521221.3gp,2543693,h264
3297235256,https://cdn4.sharechat.com/a860599_1697558542484.3gp,2361133,h264
3297377548,https://cdn4.sharechat.com/3543ae1f_1697575332299.3gp,1437797,h264
3298009928,https://cdn4.sharechat.com/1bbb67ad_1697629498110.3gp,2257916,h264
3298013014,https://cdn4.sharechat.com/5e86d6c_1697629670072.3gp,2282392,h264
3292340833,https://cdn4.sharechat.com/1d8cba59_1697166198841.3gp,2448167,h264
3297523008,https://cdn4.sharechat.com/1e9dba49_1697598023077.3gp,2412934,h264
3297792941,https://cdn4.sharechat.com/3544cb71_1697614869146.3gp,2432215,h264
3296594927,https://cdn4.sharechat.com/59c0dff_1697516939982.3gp,2215111,h264
3294791935,https://cdn4.sharechat.com/801dfa5_1697360752661.3gp,1309253,h264
3295148026,https://cdn4.sharechat.com/f103cee_1697382550902.3gp,2283178,h264
3292353457,https://cdn4.sharechat.com/290ab8b8_1697167060656.3gp,2057009,h264
3293553335,https://cdn4.sharechat.com/4bf7e40_1697264656175.3gp,1288134,h264
3296369191,https://cdn4.sharechat.com/bee8707_1697488162680.3gp,2237266,h264
3296800968,https://cdn4.sharechat.com/17a459c8_1697530109654.3gp,2212021,h264
3295641314,https://cdn4.sharechat.com/25bb3cc1_1697433904815.3gp,2144422,h264
3295431139,https://cdn4.sharechat.com/250315c1_1697420418572.3gp,2275753,h264
3295596453,https://cdn4.sharechat.com/797e144_1697431113849.3gp,2150587,h264
3297811420,https://cdn4.sharechat.com/14c1c25c_1697616027591.3gp,2262903,h264
3295592860,https://cdn4.sharechat.com/320d8137_1697430889726.3gp,2252690,h264
3297792798,https://cdn4.sharechat.com/3b350db_1697614859086.3gp,2432215,h264
3292750045,https://cdn4.sharechat.com/352aa467_1697193139453.3gp,1365179,h264
3295790150,https://cdn4.sharechat.com/2122d0f5_1697443289761.3gp,1442339,h264
3293045125,https://cdn4.sharechat.com/38c9868c_1697212167016.3gp,9160394,h264
3295290296,https://cdn4.sharechat.com/22f38065_1697392048559.3gp,1954376,h264
3295810714,https://cdn4.sharechat.com/100bd8cf_1697444598755.3gp,2464294,h264
3294186926,https://cdn4.sharechat.com/ed5f828_1697307011943.3gp,2456138,h264
3293450584,https://cdn4.sharechat.com/1768d6cc_1697258373717.3gp,1679247,h264
3298279884,https://cdn4.sharechat.com/3904a797_1697647103019.3gp,1005088,h264
3294762332,https://cdn4.sharechat.com/28d38c15_1697359018460.3gp,1431400,h264
3295036699,https://cdn4.sharechat.com/235b3128_1697375845621.3gp,2354961,h264
3293500208,https://cdn4.sharechat.com/2c97fdf3_1697261445237.3gp,2296437,h264
3297813756,https://cdn4.sharechat.com/1d1cef50_1697616177714.3gp,2231396,h264
3297143288,https://cdn4.sharechat.com/3a57eb94_1697552962338.3gp,2296490,h264
3295273983,https://cdn4.sharechat.com/1e2ae20e_1697390699540.3gp,2259041,h264
3296787537,https://cdn4.sharechat.com/6a6744c_1697529222987.3gp,2253830,h264
3297827969,https://cdn4.sharechat.com/1a97e5f7_1697617077168.3gp,2758711,h264
3296617695,https://cdn4.sharechat.com/c2e7ab7_1697518426465.3gp,2310774,h264
3294301875,https://cdn4.sharechat.com/9fd6cb3_1697333270448.3gp,1403075,h264
3296787926,https://cdn4.sharechat.com/2a76710e_1697529245622.3gp,2253830,h264
3297132762,https://cdn4.sharechat.com/2dd430d6_1697552332987.3gp,2209711,h264
3296010076,https://cdn4.sharechat.com/2289bebe_1697458150491.3gp,2110563,h264
3292592636,https://cdn4.sharechat.com/30945305_1697182560712.3gp,2462092,h264
3294916397,https://cdn4.sharechat.com/c6402bc_1697368404368.3gp,2267415,h264
3297205007,https://cdn4.sharechat.com/dbffdab_1697556656921.mpeg,1021770,h264
3296481105,https://cdn4.sharechat.com/13646c06_1697509487302.mpeg,1296168,h264
3294904936,https://cdn4.sharechat.com/1d540403_1697367646310.mpeg,5309422,h264
3295801250,https://cdn4.sharechat.com/16e4bba4_1697444003342.mpeg,1021219,h264
3295794872,https://cdn4.sharechat.com/9635c1a_1697443600717.mpeg,1020432,h264
3293241452,https://cdn4.sharechat.com/1493bedc_1697243196955.mpeg,5418661,h264
3295790798,https://cdn4.sharechat.com/10a2f83c_1697443331789.mpeg,1470714,h264
3293248490,https://cdn4.sharechat.com/a32bb4b_1697244078258.mpeg,5507154,h264
3298122719,https://cdn4.sharechat.com/15e7b4e5_1697637032731.mpeg,1013688,h264
3292425136,https://cdn4.sharechat.com/2e8132b_1697171808583.mpeg,4440600,h264
3293942946,https://cdn4.sharechat.com/1aa33c21_1697290708427.mpeg,4988437,h264
3293992383,https://cdn4.sharechat.com/23696a40_1697294036670.mpeg,3910378,h264
3294314296,https://cdn4.sharechat.com/1ef5e2f_1697334209869.mpeg,1066802,h264
3296486034,https://cdn4.sharechat.com/31d8a686_1697509809017.mpeg,1245258,h264
3296100658,https://cdn4.sharechat.com/391d89f4_1697464301225.mpeg,1009243,h264
3294493004,https://cdn4.sharechat.com/3b836367_1697345187338.mpeg,3388070,h264
3294770055,https://cdn4.sharechat.com/23c84900_1697359460036.mpeg,3472151,h264
3294932134,https://cdn4.sharechat.com/34b3fbfc_1697369405062.mpeg,4118463,h264
3295799106,https://cdn4.sharechat.com/2db96395_1697443863592.mpeg,1022946,h264
3294693744,https://cdn4.sharechat.com/542ac7f_1697355272711.mpeg,3163746,h264
3296803376,https://cdn4.sharechat.com/27f2e742_1697530268139.mpeg,1029204,h264
3293727729,https://cdn4.sharechat.com/213c1cbb_1697275688752.mpeg,5198470,h264
3292424496,https://cdn4.sharechat.com/38755742_1697171766568.mpeg,4440600,h264
3298015533,https://cdn4.sharechat.com/10ff13a0_1697629809516.mpeg,1044717,h264
3296991257,https://cdn4.sharechat.com/217c07f6_1697542944951.mpeg,1007561,h264
3296084365,https://cdn4.sharechat.com/852a3ae_1697463203122.mpeg,1058006,h264
3296802420,https://cdn4.sharechat.com/22ac5425_1697530204242.mpeg,1028670,h264
3293238710,https://cdn4.sharechat.com/124adb87_1697242742052.mpeg,5731209,hevc
3298236143,https://cdn4.sharechat.com/3a91f402_1697644222457.mpeg,9019884,h264
3295796254,https://cdn4.sharechat.com/1786f6f2_1697443688700.mpeg,1037230,h264
3298145734,https://cdn4.sharechat.com/771b1a2_1697638524902.mpeg,1010647,h264
3294313162,https://cdn4.sharechat.com/32f786b8_1697334121903.mpeg,1061845,h264
3294107027,https://cdn4.sharechat.com/12c62dde_1697301225583.mpeg,1023789,h264
3294747806,https://cdn4.sharechat.com/65bd44b_1697358192162.mpeg,1020472,h264
3297265167,https://cdn4.sharechat.com/ec1d203_1697560537020.mpeg,1061151,h264
3292982882,https://cdn4.sharechat.com/35e3a779_1697208338377.mpeg,1032167,h264
3297801276,https://cdn4.sharechat.com/b91d8fc_1697615409030.mpeg,2113100,h264
3294695725,https://cdn4.sharechat.com/1e303274_1697355375393.mpeg,1872989,h264
3294697238,https://cdn4.sharechat.com/2855cd9e_1697355451352.mpeg,8068305,h264
3294313244,https://cdn4.sharechat.com/179c8e53_1697334128040.mpeg,1061845,h264
3294109013,https://cdn4.sharechat.com/11f9dcd2_1697301352409.mpeg,1023789,h264
3296078755,https://cdn4.sharechat.com/15518580_1697462846932.mpeg,1025329,h264
3298223288,https://cdn4.sharechat.com/2a278684_1697643419703.mpeg,1039769,h264
3296855822,https://cdn4.sharechat.com/12095647_1697533635075.mpeg,3087290,h264
3296236118,https://cdn4.sharechat.com/309faf37_1697472698638.mpeg,1353253,h264
3297266334,https://cdn4.sharechat.com/1bd8fde5_1697560608080.mpeg,1016632,h264
3294740294,https://cdn4.sharechat.com/1a38dbc1_1697357773520.mpeg,1010647,h264
3294764639,https://cdn4.sharechat.com/1ec5f554_1697359148121.mpeg,7601480,h264
3297785532,https://cdn4.sharechat.com/288d569a_1697614398096.mkv,1079260,vp9
3294847290,https://cdn4.sharechat.com/1a3c0ea4_1697364047402.mkv,7527694,vp9
3292378479,https://cdn4.sharechat.com/23a5a815_1697168710465.mkv,4708507,vp9
3293873921,https://cdn4.sharechat.com/10cbd102_1697285998150.mkv,1329390,vp9
3293398865,https://cdn4.sharechat.com/2f112dc5_1697254999812.mkv,1257761,vp9
3295321679,https://cdn4.sharechat.com/1b3b6e54_1697395584947.mkv,2759057,vp9
3295704053,https://cdn4.sharechat.com/12020856_1697437699518.mkv,1973594,vp9
3294156833,https://cdn4.sharechat.com/63f4822_1697304667890.mkv,1355639,vp9
3297674579,https://cdn4.sharechat.com/3494d1d0_1697607562701.mkv,3245045,vp9
3298253959,https://cdn4.sharechat.com/16203b60_1697645381213.mkv,2608350,vp9
3295323833,https://cdn4.sharechat.com/dc12174_1697395895230.mkv,8905211,vp9
3292548033,https://cdn4.sharechat.com/29a1a789_1697179574486.mkv,1156282,vp9
3296233255,https://cdn4.sharechat.com/13551647_1697472518021.mkv,1517325,vp9
3294039651,https://cdn4.sharechat.com/2ce1f0d0_1697296989219.mkv,2869991,vp9
3295212458,https://cdn4.sharechat.com/c90067a_1697386518322.mkv,1082248,vp9
3292681367,https://cdn4.sharechat.com/1ae51d5f_1697188509640.mkv,2590180,vp9
3292509415,https://cdn4.sharechat.com/ae61785_1697177232711.mkv,2356837,vp9
3293339299,https://cdn4.sharechat.com/2898faf5_1697251062221.mkv,1834290,vp9
3292683437,https://cdn4.sharechat.com/8fcbbaa_1697188647244.mkv,2361809,vp9
3294256808,https://cdn4.sharechat.com/e7243f2_1697327378241.mkv,1060771,vp9
3292797890,https://cdn4.sharechat.com/2007d196_1697196535790.mkv,3535902,vp9
3295690386,https://cdn4.sharechat.com/f8171b6_1697436866696.mkv,1316885,vp9
3292418857,https://cdn4.sharechat.com/5b09c5_1697171382872.mkv,2821154,vp9
3292680495,https://cdn4.sharechat.com/1f53246d_1697188454274.mkv,1360274,vp9
3293531911,https://cdn4.sharechat.com/302a3048_1697263364273.mkv,1112376,vp9
3296649333,https://cdn4.sharechat.com/1ec829e4_1697520452995.mkv,3447144,vp9
3295950825,https://cdn4.sharechat.com/25a04bcb_1697454271819.mkv,6244720,vp9
3294368205,https://cdn4.sharechat.com/1334ef30_1697337893826.mkv,1734457,vp9
3297451121,https://cdn4.sharechat.com/e492c08_1697592930757.mkv,1255075,vp9
3293466782,https://cdn4.sharechat.com/3746d66e_1697259384575.mkv,1834290,vp9
3296088095,https://cdn4.sharechat.com/6fb2b3a_1697463453870.mkv,2124760,vp9
3297129331,https://cdn4.sharechat.com/37965925_1697552121901.mkv,2847245,vp9
3295369209,https://cdn4.sharechat.com/2bed4029_1697413756770.mkv,2862518,vp9
3293171277,https://cdn4.sharechat.com/28293818_1697221420082.mkv,1637322,vp9
3293228566,https://cdn4.sharechat.com/32cf4397_1697240420686.mkv,6238937,vp9
3294459792,https://cdn4.sharechat.com/2a5d3d24_1697343328886.mkv,1950570,vp9
3294191519,https://cdn4.sharechat.com/3216d70a_1697307533741.mkv,2467906,vp9
3294647488,https://cdn4.sharechat.com/1b40024_1697352876630.mkv,4018257,vp9
3293405757,https://cdn4.sharechat.com/3a76fa70_1697255521757.mkv,3207476,vp9
3292788372,https://cdn4.sharechat.com/3818dcff_1697195868968.mkv,1746509,vp9
3297308621,https://cdn4.sharechat.com/18806b13_1697563784842.mkv,2057572,vp9
3298239259,https://cdn4.sharechat.com/e7493ed_1697644431532.mkv,2723032,vp9
3293930407,https://cdn4.sharechat.com/37c233_1697289859933.mkv,1676502,vp9
3293268109,https://cdn4.sharechat.com/400b665_1697245918041.mkv,2054524,vp9
3296486636,https://cdn4.sharechat.com/8afbc99_1697509771371.mkv,1689433,vp9
3295083654,https://cdn4.sharechat.com/358a605_1697378665261.mkv,1199473,vp9
3294991575,https://cdn4.sharechat.com/16ebe016_1697373132061.mkv,2957828,vp9
3295784619,https://cdn4.sharechat.com/372e79ad_1697442922915.mkv,2101505,vp9
3293080132,https://cdn4.sharechat.com/2f34331b_1697214362428.mkv,3381921,vp9
3293059478,https://cdn4.sharechat.com/2916c839_1697213059090.mkv,2747849,vp9
3292377574,https://cdn4.sharechat.com/8ce7ced_1697168651160.mkv,1166227,vp9
3293835808,https://cdn4.sharechat.com/d2a89db_1697283385562.mkv,1615209,vp9
3297994039,https://cdn4.sharechat.com/2555a91e_1697564345873.mkv,3407895,vp9
3295541146,https://cdn4.sharechat.com/120bd44a_1697427697132.mkv,2787713,vp9
3296883695,https://cdn4.sharechat.com/7095801_1697535510253.mkv,1549342,vp9
3297993114,https://cdn4.sharechat.com/20d1e5c5_1697564225616.mkv,3407895,vp9
3297715806,https://cdn4.sharechat.com/2fefcd5f_1697610027816.mkv,1693801,vp9
3298014938,https://cdn4.sharechat.com/328c7f79_1697629746628.mkv,3155106,vp9
3296705505,https://cdn4.sharechat.com/2889f85d_1697523958176.mkv,3723218,vp9
3294057539,https://cdn4.sharechat.com/353e0fa0_1697298102544.mkv,1221804,vp9
3293063113,https://cdn4.sharechat.com/b070e7d_1697213283314.mkv,1385905,vp9
3293609944,https://cdn4.sharechat.com/146b8e39_1697268053210.mkv,2627110,vp9
3296250382,https://cdn4.sharechat.com/245e7dec_1697473593652.mkv,4227718,vp9
3296149840,https://cdn4.sharechat.com/4ea9dfd_1697467402084.mkv,1478153,vp9
3293141901,https://cdn4.sharechat.com/35a3f581_1697218631344.mkv,1349081,vp9
3295394106,https://cdn4.sharechat.com/3a3bcf54_1697417537994.mkv,1023428,vp9
3294589984,https://cdn4.sharechat.com/7f919bd_1697350045946.mkv,1305082,vp9
3293415821,https://cdn4.sharechat.com/1626481b_1697256173550.mkv,1782637,vp9
3296154743,https://cdn4.sharechat.com/184fd08a_1697467699792.mkv,2243700,vp9
3294679677,https://cdn4.sharechat.com/35ae3828_1697354545682.mkv,1478153,vp9
3296554355,https://cdn4.sharechat.com/1c7ee8ef_1697514328437.mkv,5197862,vp9
3298263595,https://cdn4.sharechat.com/4d16aac_1697646033608.mkv,2723032,vp9
3296489752,https://cdn4.sharechat.com/186e0b3e_1697510063317.mkv,1859547,vp9
3295212808,https://cdn4.sharechat.com/390bddf6_1697386539756.mkv,1827237,vp9
3298075655,https://cdn4.sharechat.com/1e8b316c_1697633915516.mkv,1404433,vp9
3294234983,https://cdn4.sharechat.com/3bba557_1697316385300.mkv,1504461,vp9
3294668451,https://cdn4.sharechat.com/5e663bd_1697353945256.mkv,1041675,vp9
3294234946,https://cdn4.sharechat.com/1ee4f55d_1697316370556.mkv,1182269,vp9
3292455080,https://cdn4.sharechat.com/f98c623_1697173793008.mkv,1138829,vp9
3292529011,https://cdn4.sharechat.com/21f01530_1697178380559.mkv,2640169,vp9
3293294735,https://cdn4.sharechat.com/2836fddf_1697247909234.mkv,1041729,vp9
3298148845,https://cdn4.sharechat.com/39e78526_1697638723620.mkv,2031529,vp9
3296810912,https://cdn4.sharechat.com/79188e7_1697530759702.mkv,1008781,vp9
3292421134,https://cdn4.sharechat.com/896d08b_1697171537827.mkv,2680495,vp9
3292670402,https://cdn4.sharechat.com/28ecb563_1697187763865.mkv,3726435,vp9
3293558057,https://cdn4.sharechat.com/28db6961_1697264934543.mkv,2484182,vp9
3297500216,https://cdn4.sharechat.com/38b5ccc0_1697596480889.mkv,1640810,vp9
3296825933,https://cdn4.sharechat.com/19dea2d5_1697531687541.mkv,1884121,vp9
3292440140,https://cdn4.sharechat.com/2f25b79c_1697172799440.mkv,1263003,vp9
3297489514,https://cdn4.sharechat.com/7148040_1697595748379.mkv,1166255,vp9
3295920042,https://cdn4.sharechat.com/163374e_1697452089324.mkv,1545177,vp9
3296939072,https://cdn4.sharechat.com/17d58146_1697539329193.mkv,2334513,vp9
3292665374,https://cdn4.sharechat.com/4cac199_1697187423160.mkv,3726435,vp9
3294530259,https://cdn4.sharechat.com/2fad96e0_1697347131948.mkv,2342122,vp9
3295218103,https://cdn4.sharechat.com/2ca2845c_1697386868664.mkv,1478153,vp9
3293396102,https://cdn4.sharechat.com/16afc417_1697254895440.mkv,2236956,vp9
3293196242,https://cdn4.sharechat.com/12fb081d_1697225508348.mkv,1534623,vp9
3295493107,https://cdn4.sharechat.com/19076bd0_1697424693376.mkv,4295566,vp9
3293402355,https://cdn4.sharechat.com/266846b1_1697255299305.mkv,2512449,vp9
3294200243,https://cdn4.sharechat.com/33a58d85_1697308562338.mkv,1208606,vp9
3295956275,https://cdn4.sharechat.com/18d787a2_1697454658645.qt,1500807,h264
3297065620,https://cdn4.sharechat.com/187de008_1697547960372.qt,1307457,h264
3295291022,https://cdn4.sharechat.com/865807b_1697392119473.qt,4378317,hevc
3294439951,https://cdn4.sharechat.com/3210bb0c_1697342177615.qt,3059562,hevc
3297996858,https://cdn4.sharechat.com/1d629fd5_1697628760219.qt,2052985,hevc
3296020359,https://cdn4.sharechat.com/1020b500_1697458840770.qt,5023368,hevc
3296248462,https://cdn4.sharechat.com/2a09f4cd_1697473476524.qt,5009864,hevc
3294212500,https://cdn4.sharechat.com/1314e9f7_1697310327441.qt,6427810,h264
3296233258,https://cdn4.sharechat.com/3015c692_1697472522475.qt,7748099,hevc
3297990854,https://cdn4.sharechat.com/d96be6f_1697628382861.qt,4984010,hevc
3297907821,https://cdn4.sharechat.com/1e589378_1697622545931.qt,2762584,h264
3296037943,https://cdn4.sharechat.com/c5a2c02_1697460021503.qt,1550562,h264
3297621539,https://cdn4.sharechat.com/cb93335_1697604141492_sc.qt,1602951,h264
3298395702,https://cdn4.sharechat.com/a1858cb_1697663413151.qt,2028246,hevc
3297035232,https://cdn4.sharechat.com/63aecca_1697545916610.qt,6484078,h264
3294438366,https://cdn4.sharechat.com/37fca148_1697342086034.qt,2966889,hevc
3292900236,https://cdn4.sharechat.com/2f775a0d_1697203110259.qt,1608397,h264
3296583846,https://cdn4.sharechat.com/2c32f4b4_1697516218996.qt,6398185,h264
3296971834,https://cdn4.sharechat.com/96a5ae_1697541660313.qt,3147225,h264
3292332744,https://cdn4.sharechat.com/3041c9f9_1697165624930.qt,8397768,hevc
3297581828,https://cdn4.sharechat.com/16c8a20e_1697601774058.qt,5024957,hevc
3292477098,https://cdn4.sharechat.com/3a1fba9b_1697175222223.qt,8473756,hevc
3294681691,https://cdn4.sharechat.com/6b9340c_1697354654166.qt,3884179,hevc
3295225803,https://cdn4.sharechat.com/6aefb7_1697387360454.qt,5022342,hevc
3293541155,https://cdn4.sharechat.com/1259a92e_1697263935535.qt,1506452,h264
3296970048,https://cdn4.sharechat.com/9433f52_1697541535427.qt,2996312,h264
3292724539,https://cdn4.sharechat.com/2215b0f0_1697191374018.qt,2014850,hevc
3292264639,https://cdn4.sharechat.com/1411dc5_1696959129572.qt,3027575,h264
3295189643,https://cdn4.sharechat.com/127b5aa_1697385063047.qt,5019737,hevc
3294509338,https://cdn4.sharechat.com/1c35ab5f_1697346049963.qt,3157815,h264
3294297954,https://cdn4.sharechat.com/23f0d0d1_1697332960938.qt,8730629,hevc
3297413750,https://cdn4.sharechat.com/2f6e84d6_1697589705168.qt,1674145,h264
3295395787,https://cdn4.sharechat.com/da7d0cb_1697417695285.qt,1572891,h264
3297006280,https://cdn4.sharechat.com/306217d0_1697543967822.qt,2645449,h264
3297509335,https://cdn4.sharechat.com/1667105e_1697395454387.qt,7713551,hevc
3297760545,https://cdn4.sharechat.com/187373ec_1697612818548.qt,5022954,hevc
3297178767,https://cdn4.sharechat.com/e307f3e_1697554980249.qt,2963046,hevc
3294107629,https://cdn4.sharechat.com/14a4300f_1697301265437.qt,3235908,h264
3293535690,https://cdn4.sharechat.com/275c0fce_1697263598938.qt,1929127,h264
3297909058,https://cdn4.sharechat.com/263964ef_1697622630375.qt,2473859,h264
3296988484,https://cdn4.sharechat.com/a6faa62_1697542759900.qt,5279022,h264
3295228042,https://cdn4.sharechat.com/78cb914_1697387504244.qt,4995549,hevc
3293771200,https://cdn4.sharechat.com/192ebfad_1697278801133.qt,4640242,hevc
3293084959,https://cdn4.sharechat.com/3607d62c_1697214653755.qt,3061209,h264
3297769243,https://cdn4.sharechat.com/320e4620_1697613378052.qt,5017957,hevc
3297583801,https://cdn4.sharechat.com/11ab370d_1697601904070.qt,2506771,h264
3298312196,https://cdn4.sharechat.com/6a6b36_1697649409540.qt,6546279,h264
3293402232,https://cdn4.sharechat.com/e7fabbd_1697255293536.qt,6167979,h264
3296815436,https://cdn4.sharechat.com/2a521627_1697530917595_sc.qt,2944905,h264
3295998309,https://cdn4.sharechat.com/23f238f0_1697457316688.qt,1662227,h264
3294583272,https://cdn4.sharechat.com/3a6e478a_1697349763024.qt,5005863,hevc
3296335319,https://cdn4.sharechat.com/12c9a1cd_1697480688296.qt,2973966,hevc
3297761508,https://cdn4.sharechat.com/2b92253_1697612879811.qt,5025576,hevc
3296283007,https://cdn4.sharechat.com/2d5bc3bb_1697475904122.qt,6398185,h264
3293083944,https://cdn4.sharechat.com/1c7e5699_1697214594667.qt,1607106,h264
3293859302,https://cdn4.sharechat.com/26042ea_1697285034863.qt,8397768,hevc
3296536021,https://cdn4.sharechat.com/1fdda22e_1697513158119.qt,5824723,h264
3298182879,https://cdn4.sharechat.com/12a3658_1697640860593.qt,3003524,hevc
3294579131,https://cdn4.sharechat.com/22ec2751_1697349563218.qt,4985090,hevc
3298138056,https://cdn4.sharechat.com/1811eb9a_1697638022476.qt,8089326,h264
3294054244,https://cdn4.sharechat.com/2b1a4622_1697297901182.qt,2265472,h264
3298398873,https://cdn4.sharechat.com/2d0d8892_1697665572402.qt,6295657,h264
3298024446,https://cdn4.sharechat.com/e084e79_1697630403178.qt,1915522,h264
3298399127,https://cdn4.sharechat.com/3281df7d_1697665778260.qt,6295657,h264
3297659073,https://cdn4.sharechat.com/b99430d_1697606631813.qt,2122961,hevc
3293403755,https://cdn4.sharechat.com/622d395_1697255392270.qt,8397768,hevc
3297581458,https://cdn4.sharechat.com/334f76d8_1697601749359.qt,2300629,h264
3293085507,https://cdn4.sharechat.com/248826af_1697214688869.qt,1545099,h264
3296585690,https://cdn4.sharechat.com/ada422a_1697516225686_sc.qt,2967967,h264
3295473043,https://cdn4.sharechat.com/221f3cb4_1697423367719.qt,1464547,h264
3297580630,https://cdn4.sharechat.com/2c434792_1697601696626.qt,5036839,hevc
3293472629,https://cdn4.sharechat.com/2be6e98a_1697259746898.qt,2880345,h264
3297205343,https://cdn4.sharechat.com/35c7aa29_1697556676085.qt,4564996,hevc
3293860684,https://cdn4.sharechat.com/2380beaf_1697285125350.qt,8397768,hevc
3297579925,https://cdn4.sharechat.com/18f385a6_1697601646106.qt,2433656,h264
3295296902,https://cdn4.sharechat.com/2de3ad2_1697392678743.qt,4973291,hevc
3297815102,https://cdn4.sharechat.com/2b558336_1697616267292.qt,4232744,hevc
3297914344,https://cdn4.sharechat.com/35bc6518_1697622993541.qt,2491145,h264
3294175592,https://cdn4.sharechat.com/29b579eb_1697305928910.qt,8379406,h264
3298149722,https://cdn4.sharechat.com/28d4f064_1697638779238.qt,1703706,h264
3298144930,https://cdn4.sharechat.com/e1e20df_1697638477035.qt,8134800,h264
3294642105,https://cdn4.sharechat.com/19e4e458_1697352605074.qt,5016333,hevc
3295727228,https://cdn4.sharechat.com/2b904192_1697439132823.qt,3851495,h264
3297471315,https://cdn4.sharechat.com/31fc44e5_1697048256695.qt,2966701,h264
3296970756,https://cdn4.sharechat.com/3861f141_1697541586559.qt,4782525,h264
3294042815,https://cdn4.sharechat.com/abd1ac6_1697297188075.qt,2527060,h264
3295725849,https://cdn4.sharechat.com/6a5a141_1697439042005.qt,2028599,hevc
3297756919,https://cdn4.sharechat.com/1d534c43_1697612584439.qt,3685775,hevc
3292472938,https://cdn4.sharechat.com/d555b73_1697174959395.qt,8473756,hevc
3294746643,https://cdn4.sharechat.com/252dcead_1697358124999.qt,1929127,h264
3297791141,https://cdn4.sharechat.com/2ab53ec4_1697614750396.qt,3996259,hevc
3294621420,https://cdn4.sharechat.com/38acb362_1697351575962.qt,1594198,h264
3297762437,https://cdn4.sharechat.com/8df53b7_1697612940680.qt,5017633,hevc
3298306272,https://cdn4.sharechat.com/3402c968_1697648974802.qt,3889164,h264
3297035697,https://cdn4.sharechat.com/25950fe5_1697545947322.qt,6484078,h264
3297913480,https://cdn4.sharechat.com/1cec87ae_1697622931359.qt,2491145,h264
3293413623,https://cdn4.sharechat.com/d671fee_1697256031439.qt,2600061,h264
3294059459,https://cdn4.sharechat.com/2610cc79_1697298228661.qt,2504527,h264
3294852643,https://cdn4.sharechat.com/1b395171_1697364381580.qt,1132510,hevc
3298013876,https://cdn4.sharechat.com/6155855_1697629717530.qt,7725524,hevc
3294363680,https://cdn4.sharechat.com/20018e15_1697337593097.webm,1710721,vp9
3294503494,https://cdn4.sharechat.com/e386588_1697345744987.webm,7441256,vp9
3292302294,https://cdn4.sharechat.com/1459c62_1697163478995.webm,3297908,vp9
3293951856,https://cdn4.sharechat.com/2a15a4ce_1697291308836.webm,5629311,vp9
3294763504,https://cdn4.sharechat.com/267bacde_1697359081582.webm,2022713,vp9
3294701306,https://cdn4.sharechat.com/211477fa_1697355658825.webm,8243291,vp9
3295498218,https://cdn4.sharechat.com/386965fc_1697425022538.webm,1372267,vp9
3297806878,https://cdn4.sharechat.com/31a7150b_1697538472223.webm,2381532,vp9
3293378687,https://cdn4.sharechat.com/189bc3c8_1697253799072.webm,6609781,vp9
3293515534,https://cdn4.sharechat.com/104b4ee8_1697255264937.webm,6577345,vp9
3295484926,https://cdn4.sharechat.com/261b14ca_1697424154842.webm,2811579,vp9
3298102537,https://cdn4.sharechat.com/259802db_1697635736652.webm,1978512,vp9
3294152669,https://cdn4.sharechat.com/332a9832_1697304360981.webm,1554799,vp9
3292277766,https://cdn4.sharechat.com/18cfd1aa_1697161614288.webm,2072357,vp9
3294935838,https://cdn4.sharechat.com/2df4c700_1697369619753.webm,1734294,vp9
3292284090,https://cdn4.sharechat.com/379205d4_1697162120166.webm,2647767,vp9
3297748087,https://cdn4.sharechat.com/3b2e82fd_1697611978800.webm,4142173,vp9
3293748062,https://cdn4.sharechat.com/2d69c1f_1697276984347.webm,3783922,vp9
3297238903,https://cdn4.sharechat.com/29626bcb_1697558781906.webm,3189302,vp9
3292485136,https://cdn4.sharechat.com/2d0b0cfd_1697175723397.webm,3656699,vp9
3292245524,https://cdn4.sharechat.com/cdc5742_1697159035048.webm,2136902,vp9
3293768229,https://cdn4.sharechat.com/2063ed40_1697278592495.webm,1931788,vp9
3296517601,https://cdn4.sharechat.com/6526af_1697511951083.webm,2294774,vp9
3292790549,https://cdn4.sharechat.com/3e02953_1697196022636.webm,1202166,vp9
3292996809,https://cdn4.sharechat.com/1a381e72_1697209215095.webm,2786080,vp9
3297066473,https://cdn4.sharechat.com/22d8c36e_1697548020316.webm,6604051,vp9
3292483219,https://cdn4.sharechat.com/281ef280_1697175596431.webm,1413598,vp9
3293334163,https://cdn4.sharechat.com/676acd0_1697250706404.webm,4417388,vp9
3292879768,https://cdn4.sharechat.com/17534c27_1697201735121.webm,5226847,vp9
3292293568,https://cdn4.sharechat.com/2da84cb5_1697162805130.webm,1119701,vp9
3297216500,https://cdn4.sharechat.com/16928109_1697557353175.webm,1052950,vp9
3298120312,https://cdn4.sharechat.com/cbe98a4_1697636841200.webm,1138657,vp9
3292587568,https://cdn4.sharechat.com/b4a3ce3_1697182188639.webm,6149856,vp9
3294244027,https://cdn4.sharechat.com/100f94c1_1697321599051.webm,3848899,vp9
3295306962,https://cdn4.sharechat.com/350844f3_1697393738718.webm,2890116,vp9
3292918523,https://cdn4.sharechat.com/128bafa6_1697204234973.webm,4369496,vp9
3292887448,https://cdn4.sharechat.com/1b46eb4e_1697202252690.webm,2253151,vp9
3294495222,https://cdn4.sharechat.com/1a84c8db_1697345303523.webm,4536115,vp9
3294592194,https://cdn4.sharechat.com/1857183b_1697350175024.webm,5375088,vp9
3294320401,https://cdn4.sharechat.com/d9e3e83_1697334647607.webm,6409866,vp9
3295309813,https://cdn4.sharechat.com/40d39f_1697394031711.webm,1417517,vp9
3298241167,https://cdn4.sharechat.com/1e555e6c_1697644534974.webm,1833808,vp9
3292733891,https://cdn4.sharechat.com/2a895208_1697192022334.webm,2911968,vp9
3294113475,https://cdn4.sharechat.com/3f52b5e_1697301635918.webm,2359812,vp9
3294555703,https://cdn4.sharechat.com/38a7b1da_1697348398539.webm,1937668,vp9
3293724422,https://cdn4.sharechat.com/1f5876d1_1697275466222.webm,2616931,vp9
3296478388,https://cdn4.sharechat.com/2ce24361_1697509299204.webm,2541493,vp9
3296109103,https://cdn4.sharechat.com/1fe61f0e_1697464840656.webm,5494896,vp9
3298380583,https://cdn4.sharechat.com/32d409a8_1697657591659.webm,1938387,vp9
3294030571,https://cdn4.sharechat.com/36bf0a16_1697296435387.webm,6125854,vp9
3292287155,https://cdn4.sharechat.com/101d3e33_1697162340499.webm,2819811,vp9
3294456566,https://cdn4.sharechat.com/20d53c77_1697343145725.webm,2383425,vp9
3297410617,https://cdn4.sharechat.com/2d191400_1697589297780.webm,1417265,vp9
3294668453,https://cdn4.sharechat.com/31d31795_1697353943259.webm,4109331,vp9
3294639393,https://cdn4.sharechat.com/1b066bfb_1697352470367.webm,1920660,vp9
3296000611,https://cdn4.sharechat.com/1246f159_1697450510356.webm,5651719,vp9
3294075438,https://cdn4.sharechat.com/35b01838_1697299224228.webm,3649269,vp9
3297103388,https://cdn4.sharechat.com/27074472_1697550460113.webm,2332063,vp9
3295268012,https://cdn4.sharechat.com/261083c0_1697390251527.webm,1708237,vp9
3298071323,https://cdn4.sharechat.com/182ded91_1697633616506.webm,1010729,vp9
3292920291,https://cdn4.sharechat.com/173cfee3_1697204345731.webm,1102123,vp9
3295085640,https://cdn4.sharechat.com/3075fb8e_1697378795380.webm,2274634,vp9
3293101135,https://cdn4.sharechat.com/37fbf3b7_1697215726151.webm,2980025,vp9
3294711102,https://cdn4.sharechat.com/1fbc49a7_1697356177534.webm,2716380,vp9
3294041027,https://cdn4.sharechat.com/3525701a_1697297073627.webm,1103637,vp9
3295669494,https://cdn4.sharechat.com/95f77d1_1697435606142.webm,4344142,vp9
3292553809,https://cdn4.sharechat.com/3a169140_1697180037423.webm,4460153,vp9
3292468413,https://cdn4.sharechat.com/21a7fd59_1697174634270.webm,3208013,vp9
3292465375,https://cdn4.sharechat.com/15045ec4_1697174477512.webm,5574235,vp9
3294253263,https://cdn4.sharechat.com/142687f1_1697326345276.webm,9504427,vp9
3292341933,https://cdn4.sharechat.com/f9f4014_1697166273428.webm,1271834,vp9
3295903653,https://cdn4.sharechat.com/ff31e0e_1697450910709.webm,3118152,vp9
3296409027,https://cdn4.sharechat.com/33a201e9_1697503654004.webm,3255459,vp9
3292460925,https://cdn4.sharechat.com/329b3f32_1697174180645.webm,2459992,vp9
3294524978,https://cdn4.sharechat.com/358c0670_1697346864061.webm,5671236,vp9
3293628199,https://cdn4.sharechat.com/27332794_1697269141889.webm,1480362,vp9
3294515249,https://cdn4.sharechat.com/1f750c20_1697314000886.webm,3188389,vp9
3296639671,https://cdn4.sharechat.com/360adb7b_1697519862478.webm,2625177,vp9
3295302657,https://cdn4.sharechat.com/17d362fc_1697393275817.webm,1032692,vp9
3296275750,https://cdn4.sharechat.com/2bcc913e_1697475336592.webm,3599348,vp9
3293295559,https://cdn4.sharechat.com/5ad78a1_1697247969065.webm,4613600,vp9
3295734601,https://cdn4.sharechat.com/20431e06_1697439610843.webm,1472542,vp9
3292543274,https://cdn4.sharechat.com/e8dc2a1_1697179321458.webm,1792467,vp9
3293330734,https://cdn4.sharechat.com/1573523_1697250454219.webm,1021106,vp9
3294380125,https://cdn4.sharechat.com/10de8467_1697338643822.webm,1374715,vp9
3292835323,https://cdn4.sharechat.com/7c4013b_1697199080192.webm,3154135,vp9
3296875889,https://cdn4.sharechat.com/3a5a19ad_1697534981853.webm,8654497,vp9
3297428985,https://cdn4.sharechat.com/32616609_1697591212517.webm,1050308,vp9
3294191452,https://cdn4.sharechat.com/24e22d06_1697307526752.webm,1783301,vp9
3294050521,https://cdn4.sharechat.com/12b38663_1697297667490.webm,9301933,vp9
3297593063,https://cdn4.sharechat.com/50b95af_1697602487590.webm,5010535,vp9
3295225381,https://cdn4.sharechat.com/3ab6840a_1697387332715.webm,1275621,vp9
3298079346,https://cdn4.sharechat.com/288fa0e9_1697634168939.webm,2233838,vp9
3292886690,https://cdn4.sharechat.com/2328d5f8_1697202203546.webm,5033428,vp9
3297231117,https://cdn4.sharechat.com/19e55d41_1697558275689.webm,2628264,vp9
3295939151,https://cdn4.sharechat.com/1c5e503c_1697453437426.webm,2029889,vp9
3292919605,https://cdn4.sharechat.com/18a06606_1697204301832.webm,1199998,vp9
3295767876,https://cdn4.sharechat.com/11d209cf_1697441804270.webm,5673071,vp9
3295544730,https://cdn4.sharechat.com/3b863fc0_1697427914405.webm,4350850,vp9
3295380158,https://cdn4.sharechat.com/238c8212_1697415994295.webm,1870129,vp9
3297221973,https://cdn4.sharechat.com/245581e1_1697557688876.mp4,1908745,h264
3298388528,https://cdn4.sharechat.com/10c579cd_1697659962900.mp4,2919352,h264
3295461826,https://cdn4.sharechat.com/22c87f08_1697422619624.mp4,3120100,hevc
3294773486,https://cdn4.sharechat.com/b71d2d5_1697359663381.mp4,7541827,h264
3293134575,https://cdn4.sharechat.com/165eeae1_1697218076888.mp4,5462122,hevc
3298356841,https://cdn4.sharechat.com/95d2cd7_1697653495710.mp4,2824868,h264
3292835304,https://cdn4.sharechat.com/1b87c7b1_1697199078477.mp4,4615050,h264
3297728543,https://cdn4.sharechat.com/29407575_1697610808031.mp4,2934452,hevc
3295466829,https://cdn4.sharechat.com/b4334a3_1697422955855.mp4,2055207,h264
3294773540,https://cdn4.sharechat.com/2e51d7c3_1697359666040.mp4,3563176,h264
3296106169,https://cdn4.sharechat.com/23cc8855_1697464656998.mp4,1446499,h264
3293539854,https://cdn4.sharechat.com/2716b06c_1697263854373.mp4,3953511,h264
3296555500,https://cdn4.sharechat.com/1a3c0c70_1697514402357.mp4,2037475,hevc
3294875308,https://cdn4.sharechat.com/2b9eb33f_1696937409192.mp4,5397634,h264
3294545406,https://cdn4.sharechat.com/dcd15a2_1697347898789.mp4,3821687,h264
3293723820,https://cdn4.sharechat.com/1fb55a2a_1697275428011.mp4,5395824,h264
3294700628,https://cdn4.sharechat.com/24023c3b_1697355623417.mp4,2058812,hevc
3296376155,https://cdn4.sharechat.com/attribute_removed_new_3296376155_289741_254523_2257ec98_169749225.mp4,2465481,h264
3296556618,https://cdn4.sharechat.com/23f5bff0_1697514469302.mp4,5453501,h264
3295247594,https://cdn4.sharechat.com/431dccc_1697388775119.mp4,3392298,h264
3295163458,https://cdn4.sharechat.com/d4c0b26_1697383486010.mp4,5278515,h264
3293366451,https://cdn4.sharechat.com/27431858_1697252967476.mp4,3534568,h264
3295012542,https://cdn4.sharechat.com/28c9600e_1697374277190.mp4,3031233,h264
3292687311,https://cdn4.sharechat.com/286fd4d_1697188910453.mp4,2060116,h264
3296862658,https://cdn4.sharechat.com/attribute_removed_new_3296862658_154394_99818_25f483ed_1697534098.mp4,1226326,h264
3294427719,https://cdn4.sharechat.com/1c88a30e_1697341471949.mp4,4637654,h264
3295394113,https://cdn4.sharechat.com/attribute_removed_new_3295394113_885674_756616_16973d76_169741753.mp4,1366455,h264
3298013133,https://cdn4.sharechat.com/12f946cb_1697629676813.mp4,4994809,hevc
3294241424,https://cdn4.sharechat.com/306ec8c_1697319716523.mp4,1206813,h264
3292914213,https://cdn4.sharechat.com/d9980ef_1697203966629.mp4,7879927,h264
3294539888,https://cdn4.sharechat.com/13fef00e_1697347628000.mp4,5286132,h264
3297929916,https://cdn4.sharechat.com/1708f9d3_1697624105190.mp4,4953599,h264
3294761758,https://cdn4.sharechat.com/1c56a761_1697358984495.mp4,5510974,h264
3298164071,https://cdn4.sharechat.com/attribute_removed_new_3298164071_850195_756816_88152e0_1697639677.mp4,1264562,h264
3294826852,https://cdn4.sharechat.com/attribute_removed_new_3294826852_940667_873791_47cdb19_1697362801.mp4,2006281,h264
3295442253,https://cdn4.sharechat.com/8837e19_1697421194050.mp4,2173482,h264
3292625080,https://cdn4.sharechat.com/37df0649_1697184739599.mp4,3112281,h264
3295695247,https://cdn4.sharechat.com/21b66faa_1697437171756.mp4,2030993,h264
3297788989,https://cdn4.sharechat.com/28a56efc_1697614612356.mp4,1780795,h264
3294592288,https://cdn4.sharechat.com/1210a462_1697350193702.mp4,6567359,h264
3295527921,https://cdn4.sharechat.com/1406d5bc_1697426909536.mp4,1588065,h264
3294012692,https://cdn4.sharechat.com/24c040f_1697295316365.mp4,1816917,h264
3297745407,https://cdn4.sharechat.com/attribute_removed_new_3297745407_962439_842527_147d8350_169761184.mp4,5632793,h264
3297115645,https://cdn4.sharechat.com/2cfc5f6e_1697551243525.mp4,1858218,h264
3296027679,https://cdn4.sharechat.com/2d5e8008_1697459312028.mp4,6848429,h264
3293798429,https://cdn4.sharechat.com/2c1cf14a_1697280700780.mp4,4025738,h264
3296570665,https://cdn4.sharechat.com/attribute_removed_new_3296570665_447119_372025_11ea31b5_169751536.mp4,1166379,h264
3293019573,https://cdn4.sharechat.com/34e67503_1697210660863.mp4,1099909,h264
3294391840,https://cdn4.sharechat.com/30b37ff5_1697339398285.mp4,5655906,hevc
3297419005,https://cdn4.sharechat.com/1b3213e9_1697590275679.mp4,1599623,hevc
3298267225,https://cdn4.sharechat.com/10af0549_1697646271768.mp4,3043046,h264
3297778097,https://cdn4.sharechat.com/20a339f_1697613936785.mp4,4754644,h264
3297500515,https://cdn4.sharechat.com/attribute_removed_new_3297500515_928591_699916_f73414a_1697596501.mp4,2535340,h264
3294006704,https://cdn4.sharechat.com/41b1791_1697294938893.mp4,5263214,h264
3294086317,https://cdn4.sharechat.com/2ca31abd_1697299908097.mp4,2901361,hevc
3294363658,https://cdn4.sharechat.com/fd34e53_1697337601963.mp4,3181776,h264
3296018369,https://cdn4.sharechat.com/28588882_1697458717444.mp4,2947758,h264
3298222177,https://cdn4.sharechat.com/attribute_removed_new_3298222177_491634_376944_fef9d03_1697643351.mp4,1118624,h264
3296363493,https://cdn4.sharechat.com/24e71668_1697486073490.mp4,2434281,h264
3295480783,https://cdn4.sharechat.com/2d59dee2_1697423878178.mp4,1353237,h264
3293856344,https://cdn4.sharechat.com/367741f2_1697284836833.mp4,4734154,h264
3294532655,https://cdn4.sharechat.com/attribute_removed_new_3294532655_356384_256757_15cd12f3_169734725.mp4,1454310,h264
3294699358,https://cdn4.sharechat.com/387e8001_1697355560449.mp4,5119745,h264
3296538230,https://cdn4.sharechat.com/1f2f1c54_1697513302550.mp4,1468876,h264
3294480305,https://cdn4.sharechat.com/50700f7_1697344481238.mp4,5527335,h264
3297272044,https://cdn4.sharechat.com/1678c472_1697561012680.mp4,1895425,h264
3298301202,https://cdn4.sharechat.com/attribute_removed_new_3298301202_692387_606060_343bd4f8_169764860.mp4,1178766,h264
3292664637,https://cdn4.sharechat.com/3b76f908_1697187372339.mp4,2033788,h264
3297226782,https://cdn4.sharechat.com/1e4b2a92_1697557992821.mp4,2814090,h264
3296177640,https://cdn4.sharechat.com/attribute_removed_new_3296177640_295885_147106_3a380dfc_169746914.mp4,2331099,h264
3295884135,https://cdn4.sharechat.com/1d1af424_1697449548077.mp4,4545905,h264
3296847293,https://cdn4.sharechat.com/6b5eb08_1697533067032.mp4,8918385,h264
3292450456,https://cdn4.sharechat.com/2f8afe9f_1697173485166.mp4,1573617,h264
3297793784,https://cdn4.sharechat.com/attribute_removed_new_3297793784_37106_934649_2a779018_169761492.mp4,1376087,h264
3297302543,https://cdn4.sharechat.com/attribute_removed_new_3297302543_472799_398365_2f613baa_169756330.mp4,1403871,h264
3294495691,https://cdn4.sharechat.com/7823761_1697345328648.mp4,2516322,h264
3295770327,https://cdn4.sharechat.com/3548484a_1697441966917.mp4,1219805,h264
3294671259,https://cdn4.sharechat.com/attribute_removed_new_3294671259_154483_96809_23fb5ab6_1697354095.mp4,1520964,h264
3292434321,https://cdn4.sharechat.com/attribute_removed_new_3292434321_609016_484298_13144007_169717241.mp4,1221138,h264
3292247512,https://cdn4.sharechat.com/2af5c278_1697159225726.mp4,1499745,h264
3296535122,https://cdn4.sharechat.com/11e7cd39_1697513096304.mp4,4618797,h264
3297661933,https://cdn4.sharechat.com/attribute_removed_new_3297661933_892670_820547_1af8219b_169760681.mp4,2984889,h264
3293150248,https://cdn4.sharechat.com/24004669_1697219338161.mp4,1902854,h264
3292384828,https://cdn4.sharechat.com/45ca094_1697169125445.mp4,5476114,hevc
3292976250,https://cdn4.sharechat.com/624dcf2_1697207925751.mp4,8699000,h264
3296591469,https://cdn4.sharechat.com/75899c4_1697516691914.mp4,2046813,h264
3296703595,https://cdn4.sharechat.com/288b00e1_1697523845933.mp4,1085431,h264
3296226091,https://cdn4.sharechat.com/29fd8_1697472059880.mp4,3438192,h264
3298009005,https://cdn4.sharechat.com/attribute_removed_new_3298009005_571151_492167_35eab5a0_169762944.mp4,2762726,h264
3297669637,https://cdn4.sharechat.com/b54e4b8_1697607282939.mp4,3200610,h264
3294464434,https://cdn4.sharechat.com/167fbdab_1697343599054.mp4,5546718,hevc
3293231438,https://cdn4.sharechat.com/attribute_removed_new_3293231438_282219_220745_2c96cfe5_169724121.mp4,1960047,h264
3292506538,https://cdn4.sharechat.com/f568673_1697177059057.mp4,4384918,h264
3292405723,https://cdn4.sharechat.com/39f683d0_1697170529373.mp4,1990132,h264
3293594089,https://cdn4.sharechat.com/10a68ea9_1697267100693.mp4,3003746,hevc
3295844682,https://cdn4.sharechat.com/31e8fb0e_1697446837508.mp4,3995180,h264
3294974643,https://cdn4.sharechat.com/7381e5b_1697372122443.mp4,6638685,hevc
3296618694,https://cdn4.sharechat.com/326b4c92_1697518490038.mp4,3987620,h264
3292629917,https://cdn4.sharechat.com/1a34a14_1697185065608.mp4,1283997,h264
3295992045,https://cdn4.sharechat.com/339e2946_1697456885692.mp4,5514974,h264
3296083195,https://cdn4.sharechat.com/90a6416_1697463125911.mpeg,501298,h264
3294103413,https://cdn4.sharechat.com/210a94a3_1697300990434.mpeg,508977,h264
3298137103,https://cdn4.sharechat.com/38ac12e9_1697637961366.mpeg,139191,h264
3297263512,https://cdn4.sharechat.com/272de5a6_1697560425350.mpeg,903144,h264
3293922141,https://cdn4.sharechat.com/1a828c1f_1697289242512.mpeg,621278,h264
3297119917,https://cdn4.sharechat.com/3070c07f_1697551520312.mpeg,792878,h264
3295230312,https://cdn4.sharechat.com/d586806_1697387645232.mpeg,445557,h264
3294735803,https://cdn4.sharechat.com/7575763_1697357525823.mpeg,393379,h264
3297266915,https://cdn4.sharechat.com/2b66c964_1697560655846.mpeg,851555,h264
3294104269,https://cdn4.sharechat.com/3051bbe0_1697301044442.mpeg,490878,h264
3298016615,https://cdn4.sharechat.com/170ae26f_1697629871790.mpeg,826853,h264
3297836917,https://cdn4.sharechat.com/213cdf82_1697617649007.mpeg,272220,h264
3298134135,https://cdn4.sharechat.com/3908db77_1697637764997.mpeg,982711,h264
3292983920,https://cdn4.sharechat.com/1fd3f897_1697208408049.mpeg,928829,h264
3292984949,https://cdn4.sharechat.com/9e4ece5_1697208470259.mpeg,864591,h264
3292985722,https://cdn4.sharechat.com/7c24bca_1697208520824.mpeg,980778,h264
3296808259,https://cdn4.sharechat.com/2e145866_1697530586724.mpeg,845067,h264
3294742701,https://cdn4.sharechat.com/128edda5_1697357905708.mpeg,623259,h264
3293234835,https://cdn4.sharechat.com/4a72821_1697242001619.mpeg,629357,h264
3294737183,https://cdn4.sharechat.com/2b3f79aa_1697357601795.mpeg,883336,h264
3297264454,https://cdn4.sharechat.com/14dc6596_1697560490789.mpeg,937994,h264
3298132770,https://cdn4.sharechat.com/cbd6839_1697637678882.mpeg,958966,h264
3294842531,https://cdn4.sharechat.com/8c9b9bf_1697363754217.mpeg,802646,h264
3296804490,https://cdn4.sharechat.com/2da0749a_1697530340146.mpeg,445557,h264
3296805596,https://cdn4.sharechat.com/2f5bf950_1697530409959.mpeg,393379,h264
3294858202,https://cdn4.sharechat.com/2bb1aed9_1697364729390.mpeg,882964,h264
3297009300,https://cdn4.sharechat.com/e376faf_1697544168858.mpeg,928778,h264
3298116210,https://cdn4.sharechat.com/24ecf2b3_1697636619494.mpeg,230576,h264
3294619316,https://cdn4.sharechat.com/1aaaaa2f_1697351469496.3gp,517824,h264
3298293417,https://cdn4.sharechat.com/39723fe6_1697648054173.3gp,999193,h264
3294120825,https://cdn4.sharechat.com/c2b7809_1697302113457.3gp,836263,h264
3295156370,https://cdn4.sharechat.com/13b3dee9_1697383064284.3gp,893200,mpeg4
3298287103,https://cdn4.sharechat.com/36a31028_1697647611728.3gp,749190,h264
3298336369,https://cdn4.sharechat.com/1f6e9a62_1697651371124.3gp,991699,h264
3292798983,https://cdn4.sharechat.com/2e20bed8_1697196602155.3gp,659693,h264
3293432603,https://cdn4.sharechat.com/24d3887_1697257250873.3gp,58388,mpeg4
3296819497,https://cdn4.sharechat.com/1ba920ec_1697531298530.3gp,651518,h264
3292628698,https://cdn4.sharechat.com/bd2440d_1697184983459.3gp,150491,h264
3293501942,https://cdn4.sharechat.com/3738734e_1697261547535.3gp,50003,mpeg4
3294909522,https://cdn4.sharechat.com/261c1141_1697367945305.3gp,780239,h264
3292287563,https://cdn4.sharechat.com/31fbb08a_1697162378613.3gp,93906,h264
3297353596,https://cdn4.sharechat.com/25e5ec35_1697568737826.3gp,827198,h264
3295311301,https://cdn4.sharechat.com/1ec0a61d_1697394223078.3gp,150491,h264
3298316915,https://cdn4.sharechat.com/7f05732_1697649758301.3gp,662644,h264
3293338223,https://cdn4.sharechat.com/2a9de523_1697250987488.mkv,682248,vp9
3294235022,https://cdn4.sharechat.com/15baca43_1697316403758.mkv,560984,vp9
3294675990,https://cdn4.sharechat.com/12a822fc_1697354349532.mkv,660092,vp9
3293338601,https://cdn4.sharechat.com/820ac59_1697251005400.mkv,706332,vp9
3297494689,https://cdn4.sharechat.com/410ba56_1697596106228.mkv,821513,vp9
3292607294,https://cdn4.sharechat.com/30f160ac_1697183555844.mkv,888363,vp9
3296654041,https://cdn4.sharechat.com/31703bd_1697520756654.mkv,419340,vp9
3294064113,https://cdn4.sharechat.com/186b8574_1697298513133.mkv,662160,vp9
3296940135,https://cdn4.sharechat.com/1f8679fa_1697539404210.mkv,422773,vp9
3295219615,https://cdn4.sharechat.com/26c76898_1697386966830.mkv,692891,vp9
3293336653,https://cdn4.sharechat.com/27498840_1697250882493.mkv,628263,vp9
3293535764,https://cdn4.sharechat.com/32bcf178_1697263592295.mkv,575564,vp9
3296937537,https://cdn4.sharechat.com/307efab6_1697539228093.mkv,698516,vp9
3294670185,https://cdn4.sharechat.com/38a5f624_1697354039069.mkv,948326,vp9
3292813195,https://cdn4.sharechat.com/2023057_1697197567000.mkv,712811,vp9
3293464263,https://cdn4.sharechat.com/172bff5b_1697259226395.mkv,682248,vp9
3298403231,https://cdn4.sharechat.com/36296e2b_1697654525302.mkv,840339,vp9
3293461244,https://cdn4.sharechat.com/396c6fa6_1697259036457.mkv,626127,vp9
3292609218,https://cdn4.sharechat.com/2175b71c_1697183674506.mkv,888363,vp9
3293562378,https://cdn4.sharechat.com/1bc9bc00_1697265185563.mkv,812568,vp9
3293469696,https://cdn4.sharechat.com/24237cfa_1697259554290.mkv,568621,vp9
3294128480,https://cdn4.sharechat.com/203e6cd4_1697302644999.mkv,420694,vp9
3292531183,https://cdn4.sharechat.com/1d27a2a0_1697178555954.mkv,210244,vp9
3294146536,https://cdn4.sharechat.com/28af3989_1697303912097.mkv,641528,vp9
3293458126,https://cdn4.sharechat.com/395dd858_1697258842385.mkv,387529,vp9
3294153299,https://cdn4.sharechat.com/1548a9d2_1697304406034.mkv,917407,vp9
3294820893,https://cdn4.sharechat.com/31eba89e_1697362460016.mkv,157160,vp9
3293543864,https://cdn4.sharechat.com/38df45af_1697264097941.mkv,531561,vp9
3295225188,https://cdn4.sharechat.com/10265_1697387320593.mkv,948326,vp9
3292885372,https://cdn4.sharechat.com/339e5d75_1697202114593.mkv,190393,vp9
3292990086,https://cdn4.sharechat.com/1ff6b185_1697208792273.mkv,728391,vp9
3294108238,https://cdn4.sharechat.com/3828bee0_1697301305131.mkv,83645,vp9
3297736865,https://cdn4.sharechat.com/eb650cc_1697611315684.mkv,751297,vp9
3294438679,https://cdn4.sharechat.com/371c14d_1697342106338.mkv,523034,vp9
3297881691,https://cdn4.sharechat.com/3abcfae_1697620742108.mkv,729053,vp9
3294470912,https://cdn4.sharechat.com/383fd287_1697343951567.mkv,599071,vp9
3295243491,https://cdn4.sharechat.com/11e174a8_1697388497638.mkv,874034,vp9
3296309754,https://cdn4.sharechat.com/ab6ecfc_1697478005424.mkv,233286,vp9
3292558616,https://cdn4.sharechat.com/15c2a537_1697180353826.mkv,955086,vp9
3294152925,https://cdn4.sharechat.com/36035c47_1697304358386.mkv,344428,vp9
3294235095,https://cdn4.sharechat.com/64874c4_1697316431683.mkv,760810,vp9
3294711475,https://cdn4.sharechat.com/1ad44835_1697356204742.mkv,812568,vp9
3295634661,https://cdn4.sharechat.com/918ca61_1697433494857.mkv,517385,vp9
3292959416,https://cdn4.sharechat.com/27d79638_1697206889149.mkv,312960,vp9
3294974027,https://cdn4.sharechat.com/21cb534f_1697372084016.mkv,428633,vp9
3293911107,https://cdn4.sharechat.com/2bbf33d2_1697288496405.mkv,492845,vp9
3294666721,https://cdn4.sharechat.com/1a8fdacd_1697353851564.mkv,664286,vp9
3297588859,https://cdn4.sharechat.com/f9f7b56_1697602219655.mkv,422773,vp9
3296487935,https://cdn4.sharechat.com/f01d7c0_1697509929507.mkv,761414,vp9
3296159323,https://cdn4.sharechat.com/33100a45_1697467981175.mkv,664286,vp9
3297889983,https://cdn4.sharechat.com/25dbfc07_1697621350010.qt,702477,h264
3298217002,https://cdn4.sharechat.com/332da350_1697643028313.qt,384272,h264
3297100956,https://cdn4.sharechat.com/8514a6c_1697550310322.qt,291315,h264
3296047157,https://cdn4.sharechat.com/36f144cd_1697460666383.qt,376220,h264
3297368192,https://cdn4.sharechat.com/a4666ee_1697571866524.qt,675056,h264
3296818120,https://cdn4.sharechat.com/1f31c214_1697531214188.qt,869103,h264
3297877798,https://cdn4.sharechat.com/1e4f9e43_1697620474891.qt,715667,h264
3296929411,https://cdn4.sharechat.com/1b1190c0_1697538687939.qt,802323,h264
3295933131,https://cdn4.sharechat.com/3804948a_1697453023099.qt,869103,h264
3297783994,https://cdn4.sharechat.com/2ee0f1be_1697614298829.qt,192189,h264
3295447282,https://cdn4.sharechat.com/178eff80_1697421557034.qt,876246,h264
3292591452,https://cdn4.sharechat.com/2364229_1697182481443.qt,435616,h264
3296757774,https://cdn4.sharechat.com/60dec40_1697527289404.qt,303450,h264
3296042783,https://cdn4.sharechat.com/365a9953_1697460354880.qt,915591,h264
3296973783,https://cdn4.sharechat.com/2a3614d6_1697541793604.webm,968030,vp9
3293796343,https://cdn4.sharechat.com/2d0a03e1_1697280537727.webm,949346,vp9
3292655172,https://cdn4.sharechat.com/194cf00b_1697186752427.webm,873970,vp9
3294554652,https://cdn4.sharechat.com/365a05d7_1697348349732.webm,765916,vp9
3298223919,https://cdn4.sharechat.com/846455b_1697643454335.webm,987329,vp9
3297365408,https://cdn4.sharechat.com/9f88a6a_1697571119158.webm,646918,vp9
3297856285,https://cdn4.sharechat.com/347ff6cf_1697618939487.webm,430599,vp9
3297226623,https://cdn4.sharechat.com/171a9bd9_1697557971847.webm,836932,vp9
3292505518,https://cdn4.sharechat.com/1a6bda09_1697176995362.webm,916804,vp9
3292607519,https://cdn4.sharechat.com/119a31fb_1697183562668.webm,799806,vp9
3293458660,https://cdn4.sharechat.com/19df6ee3_1697258875915.webm,735462,vp9
3294337725,https://cdn4.sharechat.com/fd09012_1697335871249.webm,374474,vp9
3296515067,https://cdn4.sharechat.com/3a019188_1697511780591.webm,880341,vp9
3298248143,https://cdn4.sharechat.com/30bc3bc4_1697644993324.webm,932901,vp9
3292604102,https://cdn4.sharechat.com/100d7b69_1697183339079.webm,697139,vp9
3297523300,https://cdn4.sharechat.com/229a0f7e_1697598043178.webm,717582,vp9
3297282834,https://cdn4.sharechat.com/1cb7a1bd_1697561821247.webm,652177,vp9
3295077755,https://cdn4.sharechat.com/9911a37_1697378314709.webm,753088,vp9
3293692030,https://cdn4.sharechat.com/32744e2c_1697273225011.webm,622026,vp9
3296364989,https://cdn4.sharechat.com/2ddefa02_1697486570086.webm,467345,vp9
3294094982,https://cdn4.sharechat.com/398f141c_1697300455886.webm,852907,vp9
3294136142,https://cdn4.sharechat.com/3217369f_1697303172604.webm,960102,vp9
3292220958,https://cdn4.sharechat.com/3faa507_1697156160181.webm,964842,vp9
3297216403,https://cdn4.sharechat.com/2650eaa8_1697557340656.webm,368633,vp9
3294476824,https://cdn4.sharechat.com/33f1bbd7_1697344293517.webm,619497,vp9
3298351637,https://cdn4.sharechat.com/19760ced_1697652866832.webm,900305,vp9
3292524374,https://cdn4.sharechat.com/138c1414_1697178143075.webm,934142,vp9
3294198224,https://cdn4.sharechat.com/39c75f62_1697308303292.webm,785633,vp9
3298303490,https://cdn4.sharechat.com/1d929bc4_1697648770404.webm,800010,vp9
3293944616,https://cdn4.sharechat.com/a55aba2_1697290819215.webm,819875,vp9
3296677433,https://cdn4.sharechat.com/296c946f_1697522206931.webm,497397,vp9
3294451925,https://cdn4.sharechat.com/2e10d7aa_1697342880908.webm,791739,vp9
3295898813,https://cdn4.sharechat.com/27f2169_1697450579392.webm,825752,vp9
3294061593,https://cdn4.sharechat.com/132ca034_1697298358365.webm,488582,vp9
3292405916,https://cdn4.sharechat.com/26d6473_1697170544713.webm,900347,vp9
3297322499,https://cdn4.sharechat.com/21f84df7_1697564966524.webm,713061,vp9
3297196655,https://cdn4.sharechat.com/25a20782_1697556137269.webm,289744,vp9
3296200998,https://cdn4.sharechat.com/8c5b3db_1697470550698.webm,499923,vp9
3295370697,https://cdn4.sharechat.com/25067d74_1697414147398.webm,289744,vp9
3293885834,https://cdn4.sharechat.com/31ca8dd7_1697286758407.webm,243072,vp9
3294160186,https://cdn4.sharechat.com/1ae777b9_1697304862479.webm,593637,vp9
3296898478,https://cdn4.sharechat.com/1f40b511_1697536535969.webm,829160,vp9
3292738002,https://cdn4.sharechat.com/d51c7d6_1697192312092.webm,720773,vp9
3295671636,https://cdn4.sharechat.com/2c32495a_1697435739360.webm,985130,vp9
3298025006,https://cdn4.sharechat.com/1aa1a4da_1697630443537.webm,93808,vp9
3295475012,https://cdn4.sharechat.com/38a5eae5_1697423496146.webm,609562,vp9
3296237975,https://cdn4.sharechat.com/d1ed361_1697472818413.webm,274372,vp9
3298084377,https://cdn4.sharechat.com/326579e3_1697634537821.webm,917055,vp9
3297360102,https://cdn4.sharechat.com/3a75dea6_1697569927775.webm,874804,vp9
3292608704,https://cdn4.sharechat.com/31bbed09_1697183650751.webm,978705,vp9
3298029159,https://cdn4.sharechat.com/1f2305a5_1697630751640.mp4,322668,h264
3297978681,https://cdn4.sharechat.com/1726017f_1697627535399.mp4,792579,h264
3292886303,https://cdn4.sharechat.com/2347ef61_1697202176663.mp4,960565,h264
3293538033,https://cdn4.sharechat.com/attribute_removed_new_3293538033_821961_745355_114a5d0a_169726374.mp4,271734,h264
3296404653,https://cdn4.sharechat.com/3b234634_1697503166529.mp4,226426,h264
3297855228,https://cdn4.sharechat.com/24db436d_1697618866188.mp4,75249,h264
3292373679,https://cdn4.sharechat.com/attribute_removed_new_3292373679_469986_395376_1170ca18_169716839.mp4,672343,h264
3297451005,https://cdn4.sharechat.com/7826f57_1697592931133.mp4,683504,h264
3297161344,https://cdn4.sharechat.com/16fcf5da_1697553942968.mp4,598340,h264
3294498177,https://cdn4.sharechat.com/attribute_removed_new_3294498177_591142_498802_6f05640_1697345459.mp4,615117,h264
3294567380,https://cdn4.sharechat.com/attribute_removed_new_3294567380_197178_79830_2c10e3e6_1697348972.mp4,940154,h264
3295633924,https://cdn4.sharechat.com/2c4208a_1697433449459.mp4,33181,h264
3294507448,https://cdn4.sharechat.com/19d713eb_1697345953278.mp4,953035,h264
3298354919,https://cdn4.sharechat.com/2880fdbd_1697653257087.mp4,457324,h264
3296752396,https://cdn4.sharechat.com/3105cb1d_1697526940947.mp4,377340,h264
3293572259,https://cdn4.sharechat.com/2f1b1270_1697265781342.mp4,946741,h264
3298161974,https://cdn4.sharechat.com/attribute_removed_new_3298161974_645914_548951_32ad4595_169763954.mp4,522866,h264
3295426875,https://cdn4.sharechat.com/25e92d9a_1697420135117.mp4,616956,h264
3292768275,https://cdn4.sharechat.com/177bc0b5_1697194434700.mp4,750571,h264
3293913029,https://cdn4.sharechat.com/attribute_removed_new_3293913029_702945_637638_28030335_169728863.mp4,533358,h264
3296561454,https://cdn4.sharechat.com/14e0563f_1697514772860.mp4,586158,h264
3295399132,https://cdn4.sharechat.com/attribute_removed_new_3295399132_38630_999243_22557f4a_169741799.mp4,966049,h264
3294135360,https://cdn4.sharechat.com/116fe6b3_1697303116387.mp4,197000,h264
3293702250,https://cdn4.sharechat.com/attribute_removed_new_3293702250_186419_86444_211c053_16972739336.mp4,283953,h264
3293298746,https://cdn4.sharechat.com/27373a6a_1697248187593.mp4,924234,h264
3295187766,https://cdn4.sharechat.com/attribute_removed_new_3295187766_76980_952169_214a3fbc_169738494.mp4,941609,h264
3293237641,https://cdn4.sharechat.com/attribute_removed_new_3293237641_588087_556275_78224dd_1697242554.mp4,487962,h264
3293216360,https://cdn4.sharechat.com/attribute_removed_new_3293216360_70991_867090_27b5ca03_169723379.mp4,962557,h264
3295216185,https://cdn4.sharechat.com/attribute_removed_new_3295216185_885786_753395_212dfc9f_169738674.mp4,962693,h264
3292360510,https://cdn4.sharechat.com/2a2685d9_1697167525123.mp4,76438,h264
3294890363,https://cdn4.sharechat.com/25f4a142_1697366734111.mp4,477300,h264
3294102356,https://cdn4.sharechat.com/23e1880c_1697300922541.mp4,261436,h264
3296053379,https://cdn4.sharechat.com/793407f_1697461109829.mp4,372973,h264
3295264252,https://cdn4.sharechat.com/c54e7b1_1697389980287.mp4,953240,h264
3297323226,https://cdn4.sharechat.com/2a6b9934_1697565037805.mp4,239518,h264
3297881918,https://cdn4.sharechat.com/attribute_removed_new_3297881918_854601_767956_24ffc6e9_169762076.mp4,792458,h264
3293619682,https://cdn4.sharechat.com/attribute_removed_new_3293619682_372414_269596_9d2cbc6_1697268636.mp4,683804,h264
3293960931,https://cdn4.sharechat.com/attribute_removed_new_3293960931_987802_923989_b6e0d3b_1697291922.mp4,518388,h264
3293371551,https://cdn4.sharechat.com/20d73ddc_1697253318201.mp4,225055,h264
3293716803,https://cdn4.sharechat.com/30b6135f_1697274958304.mp4,190808,h264
3297371723,https://cdn4.sharechat.com/377d1682_1697572998628.mp4,448798,h264
3295550771,https://cdn4.sharechat.com/attribute_removed_new_3295550771_374343_292443_1b8262d1_169742829.mp4,257767,h264
3292212964,https://cdn4.sharechat.com/attribute_removed_new_3292212964_580964_470185_12dfeb04_169715426.mp4,993087,h264
3294262943,https://cdn4.sharechat.com/15a3b054_1697328778843.mp4,544131,h264
3297130725,https://cdn4.sharechat.com/e9d28b2_1697552206559.mp4,145826,h264
3296665042,https://cdn4.sharechat.com/1bfe42d3_1697521442105.mp4,404145,h264
3296138356,https://cdn4.sharechat.com/1bdf75f2_1697466696458.mp4,928328,h264
3293182697,https://cdn4.sharechat.com/1a3038dc_1697222985758.mp4,791756,h264
3294295419,https://cdn4.sharechat.com/3a92dfd7_1697332733224.mp4,613730,h264
3297256554,https://cdn4.sharechat.com/2a9af14f_1697559975012.mp4,945745,h264
3295468366,https://cdn4.sharechat.com/attribute_removed_new_3295468366_144407_68552_3937f77a_1697423063.mp4,6133,h264
3295110852,https://cdn4.sharechat.com/155e0b8f_1697380316494.mp4,7620,h264
3295294674,https://cdn4.sharechat.com/973f27a_1697392461988.mp4,3340,h264
3294426445,https://cdn4.sharechat.com/1d9c3dd8_1697341399149.mp4,7177,h264
3295945326,https://cdn4.sharechat.com/10407f5_1697453895289.mp4,4524,h264
3298185903,https://cdn4.sharechat.com/2badb757_1697641050293.mp4,7228,h264
3292708376,https://cdn4.sharechat.com/3a09031a_1697190277148.mp4,8848,h264
3297930575,https://cdn4.sharechat.com/36b0035_1697624152801.mp4,8419,h264
3294611801,https://cdn4.sharechat.com/321ee72d_1697351123551.mp4,8942,h264
3297334203,https://cdn4.sharechat.com/eb58a18_1697566160200.mp4,5360,h264
3292614325,https://cdn4.sharechat.com/16b2f5ef_1697184019374.mp4,6308,h264
3295468073,https://cdn4.sharechat.com/4a5620f_1697379528432.mp4,4524,h264
3298000153,https://cdn4.sharechat.com/32b14935_1697628947307.mp4,5852,h264
3297786943,https://cdn4.sharechat.com/2f71d3d4_1697614489213.mp4,5189,h264
3295236177,https://cdn4.sharechat.com/1c407e54_1697388021645.mp4,8172,h264
3296944473,https://cdn4.sharechat.com/39a6a719_1697539700012.mp4,6435,h264
3294487067,https://cdn4.sharechat.com/2ee57e51_1697344858862.mp4,7592,h264
3296165009,https://cdn4.sharechat.com/304ac80_1697468333235.mp4,6534,h264
3293953470,https://cdn4.sharechat.com/afbed76_1697291415493.mp4,9918,h264
3294611998,https://cdn4.sharechat.com/36d92f4a_1697351133167.mp4,8942,h264
3298322218,https://cdn4.sharechat.com/392266fb_1697650160139.mp4,9286,h264
3296180908,https://cdn4.sharechat.com/3a52ab14_1697469344649.mp4,5010,h264
3294888563,https://cdn4.sharechat.com/attribute_removed_new_3294888563_751608_628051_f8ed256_1697366617.mp4,9288,h264
3294171984,https://cdn4.sharechat.com/16717acf_1697305657505.mp4,3225,h264
3298147456,https://cdn4.sharechat.com/3216dd7e_1697638638342.mp4,8582,h264
3296311777,https://cdn4.sharechat.com/1bb3ecdd_1697478193498.mp4,4524,h264
3298330310,https://cdn4.sharechat.com/3411f414_1697650829068.mp4,8478,h264
3294623960,https://cdn4.sharechat.com/e31dad6_1697351699309.mp4,7082,h264
3292758306,https://cdn4.sharechat.com/215e1d05_1697193726757.mp4,6534,h264
3296177076,https://cdn4.sharechat.com/3249f6ad_1697469106793.mp4,5010,h264
3296373387,https://cdn4.sharechat.com/35399ef0_1697490339007.mp4,6479,h264
3298017431,https://cdn4.sharechat.com/5870306_1697629916536.mp4,4580,h264
3297386687,https://cdn4.sharechat.com/115c604a_1697581533214.mp4,8579,h264
3293812814,https://cdn4.sharechat.com/2d1d18b7_1697281773709.mp4,7765,h264
3297989740,https://cdn4.sharechat.com/38d06a0e_1697628305645.mp4,5852,h264
3297928215,https://cdn4.sharechat.com/3707cea3_1697623984713.mp4,8419,h264
3297937327,https://cdn4.sharechat.com/14d9df33_1697624632310.mp4,8142,h264
3296914166,https://cdn4.sharechat.com/2c74aee2_1697537632540.mp4,8486,h264
3296036132,https://cdn4.sharechat.com/10eb361c_1697459896081.mp4,5614,h264
3296143320,https://cdn4.sharechat.com/17eda199_1697467003179.mp4,8302,h264
3296235923,https://cdn4.sharechat.com/2181cff7_1697472686995.mp4,7463,h264
3298105026,https://cdn4.sharechat.com/112aa418_1697635887391.mp4,9654,h264
3295961429,https://cdn4.sharechat.com/2bf11fba_1697455026242.mp4,8000,h264
3295117314,https://cdn4.sharechat.com/2974bec2_1697380703797.mp4,5733,h264
3294909208,https://cdn4.sharechat.com/387b0a98_1697367923269.mp4,9722,h264
3296503586,https://cdn4.sharechat.com/12206d52_1697511005523.mp4,4422,h264
3295768627,https://cdn4.sharechat.com/2080f8b6_1697441852479.mp4,5401,h264
3292781572,https://cdn4.sharechat.com/353c6167_1697195386205.mp4,6261,h264
3294776762,https://cdn4.sharechat.com/attribute_removed_new_3294776762_917106_859343_253ebb4c_169735985.mp4,8670,h264
3293772651,https://cdn4.sharechat.com/39d5ab1e_1697278903879.mp4,5680,h264
3294907445,https://cdn4.sharechat.com/24fb9ce2_1697367807330.mp4,8412,h264
3295093780,https://cdn4.sharechat.com/2e675576_1697379286658.mp4,8405,h264
3296122395,https://cdn4.sharechat.com/4fa1c93_1697465733634.mp4,6323,h264
3292487752,https://cdn4.sharechat.com/1937b4e9_1697175890573.mp4,5354,h264
3296235867,https://cdn4.sharechat.com/212f9a8d_1697472684489.mp4,7465,h264
3292255156,https://cdn4.sharechat.com/13416e3c_1697159861013.mp4,5115,h264
3294077386,https://cdn4.sharechat.com/10d68b80_1697299347448.mp4,9100,hevc
3294909050,https://cdn4.sharechat.com/2bbc6164_1697367913130.mp4,9139,h264
3292761491,https://cdn4.sharechat.com/attribute_removed_new_3292761491_79890_956240_233d8e8_1697193954.mp4,9460,h264
3292646630,https://cdn4.sharechat.com/29e82562_1697186187841.mp4,7733,h264
3292263263,https://cdn4.sharechat.com/6f1ef2e_1697160491881.mp4,4524,h264
3297518394,https://cdn4.sharechat.com/29cdb3b1_1697597707523.mp4,7303,h264
3297227681,https://cdn4.sharechat.com/367b01c3_1697558052155.mp4,7766,h264
3294909394,https://cdn4.sharechat.com/35a04409_1697367936141.mp4,9450,h264
3297364662,https://cdn4.sharechat.com/2f14300e_1697570925274.mp4,5360,h264
3292944121,https://cdn4.sharechat.com/394e097d_1697205902703.mp4,8275,h264
3293332993,https://cdn4.sharechat.com/69df930_1697250622693.mp4,8314,h264
3295154196,https://cdn4.sharechat.com/3136f1bf_1697382932579.mp4,7242,h264
3294782130,https://cdn4.sharechat.com/12b728f1_1697360181519.mp4,8611,h264
3296131306,https://cdn4.sharechat.com/238a2633_1697466281453.mp4,5733,h264
3296812459,https://cdn4.sharechat.com/374ad86a_1697530854663.mp4,6898,hevc
3293932333,https://cdn4.sharechat.com/135c5ca4_1697289997786.mp4,2971,h264
3297951963,https://cdn4.sharechat.com/4520627_1697625617110.mp4,9171,h264
3292701731,https://cdn4.sharechat.com/1e46dad0_1697189841051.mp4,7316,h264
3298074826,https://cdn4.sharechat.com/1a2cc68b_1697633859480.mp4,5852,h264
3296425707,https://cdn4.sharechat.com/1c8b2f9e_1697505288838.mp4,8593,h264
3292930264,https://cdn4.sharechat.com/12e7facb_1697205001890.mp4,8227,h264
3296779529,https://cdn4.sharechat.com/333bf1b3_1697528697824.mp4,9680,h264
3292398188,https://cdn4.sharechat.com/dfaa5f8_1697170023579.mp4,3224,h264
3293911199,https://cdn4.sharechat.com/2b0f2a1e_1697288502456.mp4,8565,h264
3297808034,https://cdn4.sharechat.com/16123651_1697615830848.mp4,3171,h264
3296130236,https://cdn4.sharechat.com/1ec77cd5_1697466216302.mp4,8045,h264
3292842622,https://cdn4.sharechat.com/367566bb_1697199579237.mp4,8593,h264
3294676449,https://cdn4.sharechat.com/d6b41_1697354374135.mp4,8007,h264
3294736299,https://cdn4.sharechat.com/15a9c86f_1697357553428.mp4,8486,h264
3295948599,https://cdn4.sharechat.com/338818da_1697454117659.mp4,8884,h264
3294189555,https://cdn4.sharechat.com/22bc362f_1697307322434.mp4,4524,h264
3293552341,https://cdn4.sharechat.com/125cbe43_1697264597442.mp4,8718,h264
3294782271,https://cdn4.sharechat.com/f309683_1697360189828.mp4,8611,h264
3295325581,https://cdn4.sharechat.com/23d28e4b_1697396172455.mp4,9740,h264
3297106588,https://cdn4.sharechat.com/17e4a61b_1697550677734.mp4,8639,h264
3294196292,https://cdn4.sharechat.com/2344d515_1697308071755.mp4,9583,h264
3297387300,https://cdn4.sharechat.com/121e55a8_1697581992109.mp4,9150,h264
3293958677,https://cdn4.sharechat.com/efa82ff_1697291767353.mp4,6534,h264
3295076441,https://cdn4.sharechat.com/1b2a5bbc_1697378234955.mp4,8499,h264
3297190513,https://cdn4.sharechat.com/195ac245_1697555751830.mp4,4386,h264
3298079305,https://cdn4.sharechat.com/386af306_1697634166652.mp4,5852,h264
3292398686,https://cdn4.sharechat.com/2eb3775b_1697170060662.mp4,8140,h264
3293043497,https://cdn4.sharechat.com/2de11945_1697212074448.mp4,6188,h264
3293764402,https://cdn4.sharechat.com/23c156cd_1697278308330.mp4,8118,h264
3295032675,https://cdn4.sharechat.com/369eba72_1697375587947.mp4,9712,h264
3292605809,https://cdn4.sharechat.com/32d9b1da_1697183455244.mp4,9849,h264
3297189868,https://cdn4.sharechat.com/1f3a9e1c_1697555709177.mp4,5834,h264
3298378531,https://cdn4.sharechat.com/attribute_removed_new_3298378531_141111_100031_18e0a869_169765709.mp4,4927,h264
3292341290,https://cdn4.sharechat.com/1eacd82b_1697166229751.mp4,8172,h264
3294134010,https://cdn4.sharechat.com/6bc68a3_1697303020348.mp4,7104,h264
3298236303,https://cdn4.sharechat.com/3030084_1697644235946.mp4,8432,h264
3292393475,https://cdn4.sharechat.com/3ae200f0_1697169702566.mp4,8277,h264
3294666980,https://cdn4.sharechat.com/2e587495_1697353867430.mp4,9914,h264
3295387153,https://cdn4.sharechat.com/2b782e7b_1697416843429.mp4,6534,h264
3295385653,https://cdn4.sharechat.com/33831d03_1697416682844.mp4,6534,h264
3293525909,https://cdn4.sharechat.com/4d7c6f2_1697262993115.mp4,9752,h264
3294876439,https://cdn4.sharechat.com/26d3f81_1697365869890.mp4,8316,h264
3296392885,https://cdn4.sharechat.com/99f91ae_1697501162448.mp4,4524,h264
3297992979,https://cdn4.sharechat.com/297d2b73_1697628531202.mp4,9747,h264
3294612788,https://cdn4.sharechat.com/39f0047c_1697351170425.mp4,9914,h264
3296906666,https://cdn4.sharechat.com/6d36425_1697537107146.mp4,8037,h264
3298287776,https://cdn4.sharechat.com/1d43af6d_1697647657925.mp4,8902,h264
3293999879,https://cdn4.sharechat.com/1cd37f9b_1697294519656.mp4,9450,h264
3296122121,https://cdn4.sharechat.com/36a40778_1697465716419.mp4,8727,h264
3298166724,https://cdn4.sharechat.com/d1331e1_1697639840563.mp4,8771,h264
3297007307,https://cdn4.sharechat.com/attribute_removed_new_3297007307_130591_36603_303d58e9_1697544035.mp4,9277,h264
3297398969,https://cdn4.sharechat.com/3ad4d8e8_1697587192154.mp4,8503,h264
3297798421,https://cdn4.sharechat.com/3824fec0_1697615232876.mp4,9082,h264
3296051977,https://cdn4.sharechat.com/33d71b69_1697461009468.mp4,4422,h264
3294317666,https://cdn4.sharechat.com/attribute_removed_new_3294317666_558815_465401_297930ef_169733445.mp4,6976,h264
3294612210,https://cdn4.sharechat.com/3a969cb7_1697351143264.mp4,9092,h264
3294142143,https://cdn4.sharechat.com/147a461b_1697303603215.mp4,9914,h264
3294189988,https://cdn4.sharechat.com/1152743_1697307366942.mp4,6534,h264
3295185137,https://cdn4.sharechat.com/27c87eeb_1697384776037.mp4,8894,h264
3293769493,https://cdn4.sharechat.com/18c7dac8_1697278684856.mp4,4524,h264
3292225091,https://cdn4.sharechat.com/148e727f_1697156859260.mp4,6688,h264
3295965015,https://cdn4.sharechat.com/29649b2b_1697455275109.mp4,8551,h264
3294908861,https://cdn4.sharechat.com/8829d6e_1697367900442.mp4,9430,h264
3295227826,https://cdn4.sharechat.com/32b7141a_1697387490559.mp4,3456,h264
3292843878,https://cdn4.sharechat.com/2119b0dd_1697199665564.mp4,6719,h264
3297794377,https://cdn4.sharechat.com/322a853a_1697614967645.mp4,9071,h264
3296234026,https://cdn4.sharechat.com/39109669_1697472572349.mp4,7494,h264
3293549073,https://cdn4.sharechat.com/1c368c59_1697264405414.mp4,8616,h264
3293772058,https://cdn4.sharechat.com/10f9b18b_1697278862816.mp4,9914,h264
3297401445,https://cdn4.sharechat.com/23057770_1697587767336.mp4,5768,h264
3297550343,https://cdn4.sharechat.com/2d2d8a34_1697557838601.3gp,18065358,h264
3293000843,https://cdn4.sharechat.com/aba4c44_1697209462799.3gp,10731297,h264
3294589153,https://cdn4.sharechat.com/29debad7_1697350046925.3gp,17544143,h264
3295186112,https://cdn4.sharechat.com/dd18d58_1697384843363.3gp,12258316,mpeg4
3297556667,https://cdn4.sharechat.com/8bdde22_1697600190294.3gp,19631921,h264
3294980901,https://cdn4.sharechat.com/2709f09a_1697372509321.3gp,15574042,h264
3292618049,https://cdn4.sharechat.com/2206df25_1697184262670.3gp,11542963,h264
3292570900,https://cdn4.sharechat.com/47d0b97_1697181167532.3gp,11542963,h264
3296294820,https://cdn4.sharechat.com/1cc93684_1697476796750.3gp,11505622,h264
3292364593,https://cdn4.sharechat.com/1173c788_1697124730730.3gp,18040118,h264
3297907694,https://cdn4.sharechat.com/30780a92_1697622533206.3gp,11934186,h264
3296295084,https://cdn4.sharechat.com/37f14d38_1697476815112.3gp,11505622,h264
3297763795,https://cdn4.sharechat.com/2b355946_1697612983348.mkv,15749770,vp9
3298311678,https://cdn4.sharechat.com/2752c715_1697649369594.mkv,13985688,vp9
3297399432,https://cdn4.sharechat.com/36f9ec48_1697587311268.mkv,10210843,vp9
3292475083,https://cdn4.sharechat.com/cdac3b5_1697175090922.mkv,10615617,vp9
3296144221,https://cdn4.sharechat.com/48ead18_1697467057161.mkv,21750161,vp9
3296453223,https://cdn4.sharechat.com/29d2644b_1697507454067.mkv,11887871,vp9
3292475862,https://cdn4.sharechat.com/6237200_1697175139577.mkv,10615617,vp9
3292469742,https://cdn4.sharechat.com/26be067b_1697174753815.mkv,11079228,vp9
3298133144,https://cdn4.sharechat.com/37e4af4e_1697637702801.mkv,12254314,vp9
3298096890,https://cdn4.sharechat.com/3097f1a2_1697635360636.qt,12611741,hevc
3295518922,https://cdn4.sharechat.com/60d768c_1697426351103.qt,12716971,hevc
3294331465,https://cdn4.sharechat.com/214415bd_1697292422392.qt,11254423,hevc
3293310274,https://cdn4.sharechat.com/2188f26_1697248990147.qt,15061350,h264
3292880954,https://cdn4.sharechat.com/2e2af5f5_1697201811967.qt,11215490,hevc
3293975056,https://cdn4.sharechat.com/6adc4cb_1697292886781.qt,11601857,hevc
3293303388,https://cdn4.sharechat.com/200fada8_1697248502059.qt,13671599,hevc
3296869730,https://cdn4.sharechat.com/215d6e78_1697534573755.qt,16696257,hevc
3297164878,https://cdn4.sharechat.com/2ff7f29c_1697554148386.qt,12415136,hevc
3293251147,https://cdn4.sharechat.com/2443e45d_1697201190892.qt,11252609,hevc
3297461368,https://cdn4.sharechat.com/328d7305_1697550517275.qt,11255649,hevc
3294518360,https://cdn4.sharechat.com/375b535d_1697346517137.qt,10291993,hevc
3298015152,https://cdn4.sharechat.com/1146c7cb_1697629788043.qt,22254549,hevc
3292409165,https://cdn4.sharechat.com/3b517e2e_1697170749469.qt,24944200,hevc
3296382625,https://cdn4.sharechat.com/26deb2ca_1697497247699.qt,13930069,hevc
3295103213,https://cdn4.sharechat.com/24606169_1697379860855.qt,12701136,hevc
3292689359,https://cdn4.sharechat.com/20d87c09_1697189039239.qt,11270562,hevc
3292989719,https://cdn4.sharechat.com/de92ef1_1697208771383.qt,24776462,h264
3296821882,https://cdn4.sharechat.com/17063b38_1697531441878.qt,21259168,h264
3294157238,https://cdn4.sharechat.com/26717d78_1697304692320.qt,15058760,h264
3298180044,https://cdn4.sharechat.com/28bfea52_1697640672770.qt,12584751,hevc
3294701710,https://cdn4.sharechat.com/aa227a4_1697355679990.qt,14956687,h264
3294580648,https://cdn4.sharechat.com/3310a4b3_1697349635378.qt,16811900,hevc
3294602739,https://cdn4.sharechat.com/2374f206_1697350683918.qt,11257245,hevc
3296224926,https://cdn4.sharechat.com/31fd08c2_1697471979309.qt,16176547,hevc
3298098157,https://cdn4.sharechat.com/6c67983_1697635445732.qt,12627154,hevc
3293337075,https://cdn4.sharechat.com/318887e4_1697250907967.qt,10490940,hevc
3295377625,https://cdn4.sharechat.com/35e0ddbc_1697415591915.qt,11242955,hevc
3293152825,https://cdn4.sharechat.com/1a1eff4b_1697219568196.qt,12641119,hevc
3294881779,https://cdn4.sharechat.com/c0f9d30_1697366187171.qt,11230314,hevc
3296374594,https://cdn4.sharechat.com/370401ff_1697491086762.qt,13930069,hevc
3294434748,https://cdn4.sharechat.com/2c52a692_1697341875291.qt,12407141,hevc
3296712222,https://cdn4.sharechat.com/1b4a5ed7_1697524358236.qt,12625514,hevc
3293039351,https://cdn4.sharechat.com/2c053041_1697211824904.qt,15064964,h264
3297659875,https://cdn4.sharechat.com/13f4bb3c_1697606684510.qt,22208923,h264
3295240528,https://cdn4.sharechat.com/23c927_1697377582895.qt,11274694,hevc
3297863982,https://cdn4.sharechat.com/167c6d8e_1697619472266.qt,45749322,h264
3294891768,https://cdn4.sharechat.com/cd9e4a4_1697363305852.qt,10376301,hevc
3292585715,https://cdn4.sharechat.com/e682ffe_1697182118982.qt,12791406,hevc
3292834499,https://cdn4.sharechat.com/2f9f3350_1697199024078.qt,11261385,hevc
3292406557,https://cdn4.sharechat.com/11edca7c_1697170581947.qt,22388532,h264
3292781161,https://cdn4.sharechat.com/19a8ed5c_1697195356171.qt,14995080,h264
3292986934,https://cdn4.sharechat.com/36f074b4_1697208595051.qt,11240541,hevc
3293962193,https://cdn4.sharechat.com/7ae30ac_1697292003491.qt,11263898,hevc
3297193384,https://cdn4.sharechat.com/3306f825_1697555929522.qt,12763827,hevc
3295069189,https://cdn4.sharechat.com/30b6ae26_1697363463883.qt,10488095,hevc
3292685553,https://cdn4.sharechat.com/35a1bbb_1697188786948.qt,11270562,hevc
3298229592,https://cdn4.sharechat.com/1a5b994f_1697643816149.qt,14919132,h264
3292791139,https://cdn4.sharechat.com/29288b0a_1697196062409.qt,21448542,h264
3294833707,https://cdn4.sharechat.com/20633d03_1697363208277.qt,10332775,hevc
3294774191,https://cdn4.sharechat.com/12fc3e2d_1697359703956.qt,11237691,hevc
3293453790,https://cdn4.sharechat.com/1ad147ea_1697258571500.qt,11242639,hevc
3296713491,https://cdn4.sharechat.com/b663f76_1697524436914.qt,11247676,hevc
3292946554,https://cdn4.sharechat.com/372c9516_1697206064891.qt,11242188,hevc
3295612790,https://cdn4.sharechat.com/18fc8274_1697432112969.qt,12218937,hevc
3294885620,https://cdn4.sharechat.com/1857fc5b_1697366429086.qt,11260073,hevc
3296134201,https://cdn4.sharechat.com/3aec3eca_1697466458215.qt,14894905,h264
3298024395,https://cdn4.sharechat.com/1eafb167_1697630399849.qt,14738575,h264
3296881517,https://cdn4.sharechat.com/8e67c23_1697535365315.qt,10509549,hevc
3293358538,https://cdn4.sharechat.com/39e96101_1697252408695.qt,12677536,hevc
3296158305,https://cdn4.sharechat.com/2ff6a1ea_1697467916218.qt,13930069,hevc
3296034307,https://cdn4.sharechat.com/396aacf5_1697459768976.qt,15314866,hevc
3294923839,https://cdn4.sharechat.com/f4afaef_1697368873643.qt,67972226,hevc
3297262666,https://cdn4.sharechat.com/d5dd211_1697560369458.qt,15113645,hevc
3297677686,https://cdn4.sharechat.com/16fecbb7_1697607747289.qt,55557380,hevc
3293482320,https://cdn4.sharechat.com/1eddc2c6_1697260359172.qt,11247970,hevc
3292929399,https://cdn4.sharechat.com/3ac5bd30_1697204941688.qt,11237051,hevc
3292826042,https://cdn4.sharechat.com/2dc86000_1697198428453.qt,15030729,hevc
3293920086,https://cdn4.sharechat.com/2c0324bb_1697289139261.qt,49721387,h264
3294005488,https://cdn4.sharechat.com/161d25af_1697294858864.qt,16071960,hevc
3294863299,https://cdn4.sharechat.com/8100747_1697365046308.qt,16403691,hevc
3292427352,https://cdn4.sharechat.com/373a4a4b_1697171956348.qt,11256826,hevc
3294921875,https://cdn4.sharechat.com/22587f61_1697368747899.qt,67972226,hevc
3295518330,https://cdn4.sharechat.com/3aadb0e7_1697426314775.qt,12716971,hevc
3293683782,https://cdn4.sharechat.com/1a6badd3_1697272646909.qt,15083655,h264
3296702500,https://cdn4.sharechat.com/363af19e_1697523767967.qt,21541235,hevc
3298394104,https://cdn4.sharechat.com/1eb69a54_1697662445559.qt,19462256,hevc
3295959081,https://cdn4.sharechat.com/2b3d5fb2_1697454858832.qt,11246116,hevc
3296067456,https://cdn4.sharechat.com/13acd7d0_1697454951605.qt,11276013,hevc
3298324184,https://cdn4.sharechat.com/1203b1dd_1697639575416.qt,11277412,hevc
3292399255,https://cdn4.sharechat.com/33fc936c_1697170096731.qt,15028254,h264
3295393141,https://cdn4.sharechat.com/25399ee3_1697417441155.qt,64882238,hevc
3294028342,https://cdn4.sharechat.com/33458c18_1697296298971.qt,15084649,h264
3296928262,https://cdn4.sharechat.com/3378dddf_1697538604728.qt,11261483,hevc
3295135834,https://cdn4.sharechat.com/255bb239_1697371101329.qt,11257408,hevc
3292475700,https://cdn4.sharechat.com/26dc4ac6_1697175129925.qt,11270161,hevc
3294135357,https://cdn4.sharechat.com/202b03ce_1697303111009.qt,12630240,hevc
3293686542,https://cdn4.sharechat.com/1470da6e_1697272840278.qt,11305600,hevc
3296787823,https://cdn4.sharechat.com/355e4457_1697529240342.qt,11268665,hevc
3296241411,https://cdn4.sharechat.com/1f6bf51_1697473034095.qt,13935914,h264
3294050570,https://cdn4.sharechat.com/24e59eb7_1697297670583.qt,49721387,h264
3295048615,https://cdn4.sharechat.com/39029ea5_1697376569521.qt,20361928,h264
3296849202,https://cdn4.sharechat.com/22777846_1697533188430.qt,11182771,hevc
3294571680,https://cdn4.sharechat.com/16e33f9f_1697349197921.qt,16811900,hevc
3298371053,https://cdn4.sharechat.com/1db0886e_1697655583475.qt,11883379,hevc
3296811592,https://cdn4.sharechat.com/1df7b217_1697530800004.qt,14998610,h264
3293038133,https://cdn4.sharechat.com/2560ed27_1697211749811.qt,15094716,hevc
3298399821,https://cdn4.sharechat.com/37198c3f_1697666391648.qt,14612209,h264
3297655835,https://cdn4.sharechat.com/7e78b4c_1697606434158.qt,11266871,hevc
3297606484,https://cdn4.sharechat.com/28f67c2b_1697603335885.qt,10484381,h264
3294442256,https://cdn4.sharechat.com/392930b3_1697342307996.webm,17547494,vp9
3295740244,https://cdn4.sharechat.com/2f82b1e_1697439977648.webm,12918142,vp9
3292747639,https://cdn4.sharechat.com/35405d10_1697188722455.webm,17512479,vp9
3295525715,https://cdn4.sharechat.com/32987ba1_1697426771530.webm,10634947,vp9
3296634708,https://cdn4.sharechat.com/de3dd65_1697519540278.webm,12135232,vp9
3294400025,https://cdn4.sharechat.com/33fc1947_1697339885738.webm,17547494,vp9
3297167761,https://cdn4.sharechat.com/388cd058_1697554306577.webm,13538583,vp9
3294424060,https://cdn4.sharechat.com/2ed3d674_1697341262600.webm,17547494,vp9
3294386397,https://cdn4.sharechat.com/f5a95a7_1697339052518.webm,12070224,vp9
3293880166,https://cdn4.sharechat.com/3b0bea82_1697286394231.webm,11505316,vp9
3297203797,https://cdn4.sharechat.com/4db3fa9_1697556580588.webm,13570969,vp9
3296015405,https://cdn4.sharechat.com/318b350d_1697458520067.webm,17714041,vp9
3296590685,https://cdn4.sharechat.com/389c54b5_1697516659856.webm,10677932,vp9
3297675023,https://cdn4.sharechat.com/3740c757_1697607479961.webm,17570137,vp9
3293554073,https://cdn4.sharechat.com/1a693f54_1697264697073.webm,11737668,vp9
3294405172,https://cdn4.sharechat.com/164ce379_1697340182289.webm,17547494,vp9
3297942713,https://cdn4.sharechat.com/18cac0de_1697623953209.webm,17553329,vp9
3297169809,https://cdn4.sharechat.com/151c1017_1697554423449.webm,13538583,vp9
3296321168,https://cdn4.sharechat.com/23be1756_1697479075550.webm,18068793,vp9
3295761014,https://cdn4.sharechat.com/278c2cd2_1697441364633.webm,11445911,vp9
3292821580,https://cdn4.sharechat.com/179bf018_1697198141584.webm,11607486,vp9
3295108911,https://cdn4.sharechat.com/12cd166_1697353508790.webm,17574283,vp9
3295424835,https://cdn4.sharechat.com/3b3135a4_1697419993679.webm,11786462,vp9
3295761634,https://cdn4.sharechat.com/33ec09c7_1697441397107.webm,11695405,vp9
3294138145,https://cdn4.sharechat.com/3a28c64b_1697303312261.webm,17630905,vp9
3294011347,https://cdn4.sharechat.com/3144c388_1697295233557.webm,17712778,vp9
3294385832,https://cdn4.sharechat.com/38b921b9_1697339019440.webm,17547494,vp9
3293094645,https://cdn4.sharechat.com/a43c0a8_1697215287087.webm,12854256,vp9
3297665572,https://cdn4.sharechat.com/6928a69_1697607032178.webm,15458691,vp9
3293703145,https://cdn4.sharechat.com/1e047233_1697273992623.webm,12309580,vp9
3296665928,https://cdn4.sharechat.com/3812d1d_1697520509267.webm,17570989,vp9
3293805239,https://cdn4.sharechat.com/c94fff7_1697280425792.webm,17505857,vp9
3294413417,https://cdn4.sharechat.com/3658a00_1697340667637.webm,17547494,vp9
3297852007,https://cdn4.sharechat.com/21bb4066_1697618628919.webm,13504250,vp9
3292392869,https://cdn4.sharechat.com/12c5db64_1697169644295.webm,16951519,vp9
3294875319,https://cdn4.sharechat.com/1ae4d6be_1697352392900.webm,17641702,vp9
3292216474,https://cdn4.sharechat.com/319cd2ff_1697155206240.webm,10372311,vp9
3294114768,https://cdn4.sharechat.com/13c4b132_1697301711979.webm,17797509,vp9
3293027369,https://cdn4.sharechat.com/3851e83b_1697211129488.webm,10157997,vp9
3296810778,https://cdn4.sharechat.com/2c23a09c_1697530750748.webm,26553407,vp9
3295476586,https://cdn4.sharechat.com/18448223_1697423577938.webm,13412832,vp9
3295817200,https://cdn4.sharechat.com/2eaa9819_1697445016506.webm,11743113,vp9
3292986781,https://cdn4.sharechat.com/2efd9247_1697208584352.webm,11058951,vp9
3296082437,https://cdn4.sharechat.com/26625bc8_1697463076397.webm,10717160,vp9
3296136608,https://cdn4.sharechat.com/919e84b_1697453278217.webm,17608625,vp9
3295126569,https://cdn4.sharechat.com/2dabc666_1697381261173.webm,10017030,vp9
3293952526,https://cdn4.sharechat.com/318cad41_1697291350282.webm,11936841,vp9
3294821589,https://cdn4.sharechat.com/2893438d_1697350300823.webm,12933762,vp9
3295338894,https://cdn4.sharechat.com/13296401_1697398816883.webm,15348656,vp9
3296572834,https://cdn4.sharechat.com/393022bd_1697515505364.webm,16827371,vp9
3292822785,https://cdn4.sharechat.com/784218c_1697198215417.webm,13663413,vp9
3298159711,https://cdn4.sharechat.com/9b0620d_1697625903082.webm,17647628,vp9
3293595297,https://cdn4.sharechat.com/2f9b9b43_1697267172701.webm,11128639,vp9
3293584143,https://cdn4.sharechat.com/3362a116_1697266492427.webm,13560069,vp9
3295323587,https://cdn4.sharechat.com/192c69c_1697395867408.webm,17694697,vp9
3295340310,https://cdn4.sharechat.com/e81734c_1697399189252.webm,17631111,vp9
3296080922,https://cdn4.sharechat.com/13d6e4c9_1697462991079.webm,10717160,vp9
3293988887,https://cdn4.sharechat.com/1b5c9a23_1697280908576.webm,17682855,vp9
3292473640,https://cdn4.sharechat.com/166c3fa9_1697162997058.webm,17356690,vp9
3296806222,https://cdn4.sharechat.com/34ab6483_1697530450149.webm,26553407,vp9
3298132896,https://cdn4.sharechat.com/1c82878a_1697637661057.webm,17266876,vp9
3292798201,https://cdn4.sharechat.com/837216c_1697196555548.webm,17661930,vp9